[188, 182, 177, 178, 176] , 4.178347222714474E-10
[220, 172, 170, 171, 168] , 1.287344220143944E-10
[246, 164, 162, 168, 161] , 7.519085519447101E-14
[275, 158, 155, 160, 153] , 9.3201887281231E-12
[307, 150, 148, 150, 146] , 3.882535778363937E-13
[331, 142, 144, 146, 138] , 1.4890824849375146E-12
[351, 135, 140, 145, 130] , 1.7400092155031104E-10
[373, 132, 136, 136, 124] , 1.717148091838816E-10
[402, 124, 130, 129, 116] , 2.5772269126410166E-6
[425, 121, 119, 124, 112] , 7.270651758257229E-9
[446, 115, 113, 120, 107] , 6.668947691634032E-7
[463, 113, 106, 116, 103] , 1.1618733330850565E-7
[483, 110, 99, 110, 99] , 1.677257269023877E-6
[505, 104, 93, 102, 97] , 1.6518715202209997E-8
[525, 97, 88, 98, 93] , 1.0020580570720561E-7
[540, 94, 84, 95, 88] , 0.0012707892070322104
[563, 85, 79, 92, 82] , 1.9929862748501148E-4
[582, 80, 78, 86, 75] , 2.9915229782593604E-6
[597, 75, 77, 81, 71] , 7.272419756857729E-5
[612, 74, 71, 77, 67] , 1.340356046699537E-4
[632, 69, 63, 74, 63] , 8.462412232515231E-6
[646, 66, 60, 70, 59] , 8.183296584985086E-5
[656, 63, 58, 68, 56] , 4.1789341106287756E-5
[665, 60, 56, 68, 52] , 2.999265005420427E-4
[678, 56, 52, 65, 50] , 9.550896499896821E-4
[688, 56, 49, 61, 47] , 2.5361607503461277E-4
[699, 55, 47, 57, 43] , 5.641947476979404E-4
[714, 51, 43, 54, 39] , 5.539080078635867E-4
[724, 50, 41, 49, 37] , 1.0180990295262834E-4
[733, 47, 38, 47, 36] , 8.757684608852689E-4
[748, 42, 35, 45, 31] , 0.0010970556506405453
[762, 36, 33, 43, 27] , 0.0025292202686758207
[774, 34, 27, 41, 25] , 0.0037851377970518543
[779, 32, 26, 40, 24] , 0.009036526907035516
[786, 29, 25, 39, 22] , 0.010186118537935994
[799, 25, 24, 32, 21] , 0.006386863685965933
[813, 22, 20, 27, 19] , 0.018526331472330217
[822, 21, 18, 25, 15] , 0.004134837114747688
[830, 20, 15, 22, 14] , 0.008601399362161588
[843, 18, 12, 19, 9] , 0.049372955167977225
[851, 17, 10, 15, 8] , 0.009151924998484783
[858, 14, 9, 13, 7] , 0.0671059439494605
[861, 13, 8, 13, 6] , 0.005160562848248418
[868, 11, 7, 10, 5] , 0.018120980295092782
[874, 8, 6, 8, 5] , 0.020473123097336225
[877, 7, 6, 7, 4] , 0.021378209539118544
[886, 4, 6, 2, 3] , 0.04839712549177976
[891, 4, 2, 1, 3] , 0.008191473534630636
[893, 2, 2, 1, 3] , 0.030871768806130587
[897, 1, 2, 0, 1] , 0.010350255324857359
[898, 1, 1, 0, 1] , 0.06244817177300564
[899, 1, 0, 0, 1] , 0.2140763964348883
[899, 1, 0, 0, 1] , 0.04616123152567792
[901, 0, 0, 0, 0] , 0.02982368541323585
[901, 0, 0, 0, 0] , 0.030792010348935375
[901, 0, 0, 0, 0] , 0.012746033395077907
[901, 0, 0, 0, 0] , 0.08045444316313476
[901, 0, 0, 0, 0] , 0.06337487881256686
[901, 0, 0, 0, 0] , 0.11464288435539079
[901, 0, 0, 0, 0] , 0.1285790849762577
[901, 0, 0, 0, 0] , 0.06195036537227942
[901, 0, 0, 0, 0] , 0.03289433037181121
[901, 0, 0, 0, 0] , 0.4790491037015512
[901, 0, 0, 0, 0] , 0.12223085622680321
[901, 0, 0, 0, 0] , 0.07336401325363807
[901, 0, 0, 0, 0] , 0.09424381975396073
[901, 0, 0, 0, 0] , 0.4588470046184171
[901, 0, 0, 0, 0] , 0.3660885345319147
[901, 0, 0, 0, 0] , 0.3174686957484469
[901, 0, 0, 0, 0] , 0.030415691803941103
[901, 0, 0, 0, 0] , 0.14872549788782138
[901, 0, 0, 0, 0] , 0.438286647608431
[901, 0, 0, 0, 0] , 0.09531919778980609
[901, 0, 0, 0, 0] , 0.1355009346266488
[901, 0, 0, 0, 0] , 0.12947138434627747
[901, 0, 0, 0, 0] , 0.08251381499448247
[901, 0, 0, 0, 0] , 0.29126070273836174
[901, 0, 0, 0, 0] , 0.19006286935785593
[901, 0, 0, 0, 0] , 0.2719338952881702
[901, 0, 0, 0, 0] , 0.1979160729699424
[901, 0, 0, 0, 0] , 0.38171448914932915
[901, 0, 0, 0, 0] , 0.47904910370175413
[901, 0, 0, 0, 0] , 0.13145352225445311
[901, 0, 0, 0, 0] , 0.39431813220857637
[901, 0, 0, 0, 0] , 0.34137936465394175
[901, 0, 0, 0, 0] , 0.12863899505150694
[901, 0, 0, 0, 0] , 0.12448975101652542
[901, 0, 0, 0, 0] , 0.2848891184629677
[901, 0, 0, 0, 0] , 0.1221938253026166
[901, 0, 0, 0, 0] , 0.6739713633228807
[901, 0, 0, 0, 0] , 0.3003308330685617
[901, 0, 0, 0, 0] , 0.8343129064481898
[901, 0, 0, 0, 0] , 0.23513608076176573
[901, 0, 0, 0, 0] , 0.3719632940702282
[901, 0, 0, 0, 0] , 2.234041933137108
[901, 0, 0, 0, 0] , 0.3559688274925122
[901, 0, 0, 0, 0] , 0.35364582099069236
[901, 0, 0, 0, 0] , 0.4988161752626282
[901, 0, 0, 0, 0] , 1.6962108657347785
[901, 0, 0, 0, 0] , 0.43466048446344574
[901, 0, 0, 0, 0] , 1.7827112147005983
[901, 0, 0, 0, 0] , 0.9289945887076339
[901, 0, 0, 0, 0] , 1.5948412341018257
[901, 0, 0, 0, 0] , 0.31871961808140276
[901, 0, 0, 0, 0] , 0.2578097275079224
[901, 0, 0, 0, 0] , 0.2951226667282406
[901, 0, 0, 0, 0] , 0.6808553729199586
[901, 0, 0, 0, 0] , 0.4637518209865843
[901, 0, 0, 0, 0] , 0.6766439340452055
[901, 0, 0, 0, 0] , 0.26207884719049845
[901, 0, 0, 0, 0] , 0.9171305458570362
[901, 0, 0, 0, 0] , 1.1091610146322868
[901, 0, 0, 0, 0] , 0.49216672586135635
[901, 0, 0, 0, 0] , 0.6616263772586818
[901, 0, 0, 0, 0] , 0.6589209774547391
[901, 0, 0, 0, 0] , 0.5582816049657664
[901, 0, 0, 0, 0] , 0.5040713135727205
[901, 0, 0, 0, 0] , 0.32458954834791787
[901, 0, 0, 0, 0] , 1.6356221317896034
[901, 0, 0, 0, 0] , 0.4406982500208645
[901, 0, 0, 0, 0] , 0.45491372570312966
[901, 0, 0, 0, 0] , 0.46665486251099725
[901, 0, 0, 0, 0] , 0.842787936902843
[901, 0, 0, 0, 0] , 0.6295198919146627
[901, 0, 0, 0, 0] , 0.5730839772350338
[901, 0, 0, 0, 0] , 1.2421921098042845
[901, 0, 0, 0, 0] , 0.44590662169832507
[901, 0, 0, 0, 0] , 1.084999967729318
[901, 0, 0, 0, 0] , 1.635622131788579
[901, 0, 0, 0, 0] , 0.3559688274926565
[901, 0, 0, 0, 0] , 0.837329389884347
[901, 0, 0, 0, 0] , 0.8045042267351309
[901, 0, 0, 0, 0] , 0.36568850424094973
[901, 0, 0, 0, 0] , 2.0606059321369403
[901, 0, 0, 0, 0] , 1.0568673983226116
[901, 0, 0, 0, 0] , 0.5685617064621432
[901, 0, 0, 0, 0] , 1.7130818641003294
[901, 0, 0, 0, 0] , 1.020657208644689
[901, 0, 0, 0, 0] , 0.9592517546830658
[901, 0, 0, 0, 0] , 0.6808553729216174
[901, 0, 0, 0, 0] , 0.9377686203192531
[901, 0, 0, 0, 0] , 1.8142847464837908
[901, 0, 0, 0, 0] , 1.4427022767413975
[901, 0, 0, 0, 0] , 1.4046359500957606
[901, 0, 0, 0, 0] , 0.9848393361942321
[901, 0, 0, 0, 0] , 1.7133385158977787
[901, 0, 0, 0, 0] , 0.379284858872749
[901, 0, 0, 0, 0] , 1.0059415716875713
[901, 0, 0, 0, 0] , 1.553030699392164
[901, 0, 0, 0, 0] , 1.1185595451137866
[901, 0, 0, 0, 0] , 0.8578899039520627
[901, 0, 0, 0, 0] , 1.42320559407443
[901, 0, 0, 0, 0] , 1.6838795432241809
[901, 0, 0, 0, 0] , 0.8551655155765564
[901, 0, 0, 0, 0] , 0.8165992074584971
[901, 0, 0, 0, 0] , 1.4478984635543775
[901, 0, 0, 0, 0] , 1.2881212349506743
[901, 0, 0, 0, 0] , 0.5781190194854418
[901, 0, 0, 0, 0] , 0.8089568260840025
[901, 0, 0, 0, 0] , 1.0838566224063806
[901, 0, 0, 0, 0] , 2.6205808774313737
[901, 0, 0, 0, 0] , 1.4076603011858166
[901, 0, 0, 0, 0] , 2.9547975305237095
[901, 0, 0, 0, 0] , 1.6329968494628067
[901, 0, 0, 0, 0] , 2.234041933138878
[901, 0, 0, 0, 0] , 0.8664343562137475
[901, 0, 0, 0, 0] , 0.9898508787878884
[901, 0, 0, 0, 0] , 1.5594172045970476
[901, 0, 0, 0, 0] , 1.6193367548571733
[901, 0, 0, 0, 0] , 0.6416449064326933
[901, 0, 0, 0, 0] , 1.181033733296283
[901, 0, 0, 0, 0] , 0.6978122185562706
[901, 0, 0, 0, 0] , 1.4739985248064325
[901, 0, 0, 0, 0] , 1.9344008834932847
[901, 0, 0, 0, 0] , 1.805275681270499
[901, 0, 0, 0, 0] , 1.6955657621368458
[901, 0, 0, 0, 0] , 1.7235938372264497
[901, 0, 0, 0, 0] , 1.3153540042947098
[901, 0, 0, 0, 0] , 1.7361961854511647
[901, 0, 0, 0, 0] , 1.0781693017359806
[901, 0, 0, 0, 0] , 1.4514279828765522
[901, 0, 0, 0, 0] , 0.7616006940021645
[901, 0, 0, 0, 0] , 2.7982427892708817
[901, 0, 0, 0, 0] , 1.4972759041191903
[901, 0, 0, 0, 0] , 1.6192085795221145
[901, 0, 0, 0, 0] , 2.3766905378506324
[901, 0, 0, 0, 0] , 2.2340419331369366
[901, 0, 0, 0, 0] , 2.026762266545424
[901, 0, 0, 0, 0] , 1.9709771004912402
[901, 0, 0, 0, 0] , 1.5934515435073076
[901, 0, 0, 0, 0] , 2.0297927580728716
[901, 0, 0, 0, 0] , 2.1071460978692933
[901, 0, 0, 0, 0] , 1.4552261882904063
[901, 0, 0, 0, 0] , 1.9125808763366487
[901, 0, 0, 0, 0] , 1.0049703888241177
[901, 0, 0, 0, 0] , 3.286056909768926
[901, 0, 0, 0, 0] , 2.5550150780634713
[901, 0, 0, 0, 0] , 1.6016524285662164
[901, 0, 0, 0, 0] , 1.8969001774506435
[901, 0, 0, 0, 0] , 2.43526394600425
[901, 0, 0, 0, 0] , 2.2340877526221874
[901, 0, 0, 0, 0] , 1.497275904113199
[901, 0, 0, 0, 0] , 1.0017703360467736
[901, 0, 0, 0, 0] , 2.397098731613108
[901, 0, 0, 0, 0] , 2.283988896303291
[901, 0, 0, 0, 0] , 1.9496494208374435
[901, 0, 0, 0, 0] , 1.6100800228996421
[901, 0, 0, 0, 0] , 3.2378324401806884
[901, 0, 0, 0, 0] , 1.9229802639147016
[901, 0, 0, 0, 0] , 2.4074784688240856
[901, 0, 0, 0, 0] , 2.4471804996151967
[901, 0, 0, 0, 0] , 2.161477258215869
[901, 0, 0, 0, 0] , 1.3650712488891332
[901, 0, 0, 0, 0] , 2.315753840014632
[901, 0, 0, 0, 0] , 2.0897761251506335
[901, 0, 0, 0, 0] , 1.997302455683962
[901, 0, 0, 0, 0] , 2.4717377385912607
[901, 0, 0, 0, 0] , 1.7317244791052464
[901, 0, 0, 0, 0] , 2.037151423625393
[901, 0, 0, 0, 0] , 1.794384453321265
[901, 0, 0, 0, 0] , 2.1244056762066323
[901, 0, 0, 0, 0] , 1.2437406969494493
[901, 0, 0, 0, 0] , 1.7391981136189452
[901, 0, 0, 0, 0] , 2.439384409978318
[901, 0, 0, 0, 0] , 2.6072307354895456
[901, 0, 0, 0, 0] , 1.6622487458924204
[901, 0, 0, 0, 0] , 3.437012329194728
[901, 0, 0, 0, 0] , 2.3441108880400057
[901, 0, 0, 0, 0] , 2.56717006898194
[901, 0, 0, 0, 0] , 2.140540149749041
[901, 0, 0, 0, 0] , 3.2876921882795784
[901, 0, 0, 0, 0] , 2.5346888094312536
[901, 0, 0, 0, 0] , 2.375184996803844
[901, 0, 0, 0, 0] , 2.9058790703353674
[901, 0, 0, 0, 0] , 2.037094775302441
[901, 0, 0, 0, 0] , 2.3742805773170557
[901, 0, 0, 0, 0] , 2.1614487950834977
[901, 0, 0, 0, 0] , 1.8298649153605382
[901, 0, 0, 0, 0] , 2.0401602324785113
[901, 0, 0, 0, 0] , 2.275606206968443
[901, 0, 0, 0, 0] , 2.350906290975037
[901, 0, 0, 0, 0] , 2.4138950090669042
[901, 0, 0, 0, 0] , 3.756288595041424
[901, 0, 0, 0, 0] , 2.811815418469714
[901, 0, 0, 0, 0] , 3.5245799680874845
[901, 0, 0, 0, 0] , 2.039730006119548
[901, 0, 0, 0, 0] , 4.83474366647624
[901, 0, 0, 0, 0] , 3.3407692646824176
[901, 0, 0, 0, 0] , 4.015426783486338
[901, 0, 0, 0, 0] , 5.272806074535982
[901, 0, 0, 0, 0] , 4.72795509081411
[901, 0, 0, 0, 0] , 3.422863202112137
[901, 0, 0, 0, 0] , 2.576123685866625
[901, 0, 0, 0, 0] , 5.240832002010123
[901, 0, 0, 0, 0] , 3.731305082329302
[901, 0, 0, 0, 0] , 3.1553688456210045
[901, 0, 0, 0, 0] , 3.5242271001432757
[901, 0, 0, 0, 0] , 2.906080491936989
[901, 0, 0, 0, 0] , 4.487640243437564
[901, 0, 0, 0, 0] , 4.784323136553358
[901, 0, 0, 0, 0] , 4.654534865447657
[901, 0, 0, 0, 0] , 3.6937544718746906
[901, 0, 0, 0, 0] , 4.479879987016175
[901, 0, 0, 0, 0] , 4.161959876831119
[901, 0, 0, 0, 0] , 4.081096041201585
[901, 0, 0, 0, 0] , 4.015849120785549
[901, 0, 0, 0, 0] , 3.2971544272081816
[901, 0, 0, 0, 0] , 3.3767901177612774
[901, 0, 0, 0, 0] , 4.6140123201400804
[901, 0, 0, 0, 0] , 4.010633544379526
[901, 0, 0, 0, 0] , 4.924220626975882
[901, 0, 0, 0, 0] , 3.7542074128663567
[901, 0, 0, 0, 0] , 3.446444703334566
[901, 0, 0, 0, 0] , 4.057275526476594
[901, 0, 0, 0, 0] , 4.551029774390131
[901, 0, 0, 0, 0] , 4.232406906112649
[901, 0, 0, 0, 0] , 3.8967052840914977
[901, 0, 0, 0, 0] , 3.786328486158289
[901, 0, 0, 0, 0] , 4.584317099848463
[901, 0, 0, 0, 0] , 4.548273908114855
[901, 0, 0, 0, 0] , 4.632011710865111
[901, 0, 0, 0, 0] , 6.497985817338897
[901, 0, 0, 0, 0] , 4.527533884739514
[901, 0, 0, 0, 0] , 4.61987942465694
[901, 0, 0, 0, 0] , 4.483822507148317
[901, 0, 0, 0, 0] , 3.9693464048300875
[901, 0, 0, 0, 0] , 4.879130117925713
[901, 0, 0, 0, 0] , 4.3939356499238915
[901, 0, 0, 0, 0] , 5.573786524850176
[901, 0, 0, 0, 0] , 5.749536403332762
[901, 0, 0, 0, 0] , 4.907891865508956
[901, 0, 0, 0, 0] , 5.112356721299186
[901, 0, 0, 0, 0] , 5.54298744571121
[901, 0, 0, 0, 0] , 4.975711665233162
[901, 0, 0, 0, 0] , 5.352606830339166
[901, 0, 0, 0, 0] , 4.686719428512667
[901, 0, 0, 0, 0] , 6.285090666868198
[901, 0, 0, 0, 0] , 5.124483272205081
[901, 0, 0, 0, 0] , 4.967789022033454
[901, 0, 0, 0, 0] , 4.498872503084157
[901, 0, 0, 0, 0] , 6.662546318934378
[901, 0, 0, 0, 0] , 5.887105982757763
[901, 0, 0, 0, 0] , 6.294839348062723
[901, 0, 0, 0, 0] , 4.61539984011059
[901, 0, 0, 0, 0] , 6.365538679983061
[901, 0, 0, 0, 0] , 5.689343831850624
[901, 0, 0, 0, 0] , 5.385746688220001
[901, 0, 0, 0, 0] , 6.99337965082634
[901, 0, 0, 0, 0] , 7.237687929199884
[901, 0, 0, 0, 0] , 6.940177035971352
[901, 0, 0, 0, 0] , 5.90027120728956
[901, 0, 0, 0, 0] , 7.092633871824628
[901, 0, 0, 0, 0] , 6.405148514428508
[901, 0, 0, 0, 0] , 6.618870387586609
[901, 0, 0, 0, 0] , 6.436602219089494
[901, 0, 0, 0, 0] , 6.721041752121668
[901, 0, 0, 0, 0] , 6.210289496629004
[901, 0, 0, 0, 0] , 6.659999139836971
[901, 0, 0, 0, 0] , 6.333162628777979
[901, 0, 0, 0, 0] , 6.60440931864131
[901, 0, 0, 0, 0] , 6.279632234989549
[901, 0, 0, 0, 0] , 7.631680232154711
[901, 0, 0, 0, 0] , 7.208517935956815
[901, 0, 0, 0, 0] , 6.7417479882427065
[901, 0, 0, 0, 0] , 7.832881142806709
[901, 0, 0, 0, 0] , 6.37058462133306
[901, 0, 0, 0, 0] , 6.39237444072551
[901, 0, 0, 0, 0] , 7.358856394932554
[901, 0, 0, 0, 0] , 6.916331608247201
[901, 0, 0, 0, 0] , 7.526921994912762
[901, 0, 0, 0, 0] , 7.505281945856558
[901, 0, 0, 0, 0] , 6.728709197478459
[901, 0, 0, 0, 0] , 7.535979211880517
[901, 0, 0, 0, 0] , 6.536715778035597
[901, 0, 0, 0, 0] , 7.035803187498146
[901, 0, 0, 0, 0] , 6.8775093659695
[901, 0, 0, 0, 0] , 7.61526296803635
[901, 0, 0, 0, 0] , 6.855825542515102
[901, 0, 0, 0, 0] , 7.406731075452044
[901, 0, 0, 0, 0] , 6.7707443327549255
[901, 0, 0, 0, 0] , 7.101696200444745
[901, 0, 0, 0, 0] , 7.474059445777728
[901, 0, 0, 0, 0] , 7.933058289042583
[901, 0, 0, 0, 0] , 8.013281536093494
[901, 0, 0, 0, 0] , 7.961834928221232
[901, 0, 0, 0, 0] , 7.241521019362138
[901, 0, 0, 0, 0] , 7.350071722839319
[901, 0, 0, 0, 0] , 7.814362404516518
[901, 0, 0, 0, 0] , 7.0876910857134074
[901, 0, 0, 0, 0] , 7.455680344502216
[901, 0, 0, 0, 0] , 7.886889358675953
[901, 0, 0, 0, 0] , 7.498058984703436
[901, 0, 0, 0, 0] , 7.968550223136561
[901, 0, 0, 0, 0] , 8.196569450113468
[901, 0, 0, 0, 0] , 7.668792326640533
[901, 0, 0, 0, 0] , 7.280489716394854
[901, 0, 0, 0, 0] , 7.209319295777991
[901, 0, 0, 0, 0] , 7.535251451528605
[901, 0, 0, 0, 0] , 7.2874009372217765
[901, 0, 0, 0, 0] , 7.69941998090416
[901, 0, 0, 0, 0] , 7.082804205872168
[901, 0, 0, 0, 0] , 7.644421952268842
[901, 0, 0, 0, 0] , 7.788362689577269
[901, 0, 0, 0, 0] , 7.653232672948066
[901, 0, 0, 0, 0] , 7.600658446394441
[901, 0, 0, 0, 0] , 7.510189842393171
[901, 0, 0, 0, 0] , 8.47964908839926
[901, 0, 0, 0, 0] , 7.721393982722001
[901, 0, 0, 0, 0] , 8.18703527821215
[901, 0, 0, 0, 0] , 7.449433969093273
[901, 0, 0, 0, 0] , 8.025170292458505
[901, 0, 0, 0, 0] , 7.905028612083011
[901, 0, 0, 0, 0] , 7.180473278628465
[901, 0, 0, 0, 0] , 7.660810224224645
[901, 0, 0, 0, 0] , 7.661638172609331
[901, 0, 0, 0, 0] , 8.162516490879351
[901, 0, 0, 0, 0] , 7.705053284057307
[901, 0, 0, 0, 0] , 7.648684630899344
[901, 0, 0, 0, 0] , 8.052897010450197
[901, 0, 0, 0, 0] , 8.680742031932752
[901, 0, 0, 0, 0] , 8.16251649087919
[901, 0, 0, 0, 0] , 8.008240957485993
[901, 0, 0, 0, 0] , 8.057477733049419
[901, 0, 0, 0, 0] , 7.74808227281257
[901, 0, 0, 0, 0] , 7.93331236634347
[901, 0, 0, 0, 0] , 8.192010389772703
[901, 0, 0, 0, 0] , 7.98352119997803
[901, 0, 0, 0, 0] , 7.880206396413424
[901, 0, 0, 0, 0] , 8.318324150969097
[901, 0, 0, 0, 0] , 8.438909950899887
[901, 0, 0, 0, 0] , 8.17325804918841
[901, 0, 0, 0, 0] , 8.311313056141849
[901, 0, 0, 0, 0] , 8.239762930207839
[901, 0, 0, 0, 0] , 7.45900047742441
[901, 0, 0, 0, 0] , 7.491984615089374
[901, 0, 0, 0, 0] , 8.573356254842249
[901, 0, 0, 0, 0] , 8.129711489899
[901, 0, 0, 0, 0] , 7.497747579033485
[901, 0, 0, 0, 0] , 8.18168041791844
[901, 0, 0, 0, 0] , 8.33179955597062
[901, 0, 0, 0, 0] , 8.15310099486307
[901, 0, 0, 0, 0] , 7.693135264905883
[901, 0, 0, 0, 0] , 7.648987294567288
[901, 0, 0, 0, 0] , 8.41680314791724
[901, 0, 0, 0, 0] , 8.176597373308294
[901, 0, 0, 0, 0] , 8.58098348388612
[901, 0, 0, 0, 0] , 7.954390838612037
[901, 0, 0, 0, 0] , 8.58444738475516
[901, 0, 0, 0, 0] , 8.249948719265014
[901, 0, 0, 0, 0] , 9.088820461857614
[901, 0, 0, 0, 0] , 8.452885348970735
[901, 0, 0, 0, 0] , 8.388463520901928
[901, 0, 0, 0, 0] , 8.154247178846997
[901, 0, 0, 0, 0] , 8.307674587248227
[901, 0, 0, 0, 0] , 7.914020078684482
[901, 0, 0, 0, 0] , 8.566472716195994
[901, 0, 0, 0, 0] , 8.98136024935323
[901, 0, 0, 0, 0] , 8.493238191370363
[901, 0, 0, 0, 0] , 8.026668314724219
[901, 0, 0, 0, 0] , 8.273593264116894
[901, 0, 0, 0, 0] , 8.680742031932752
[901, 0, 0, 0, 0] , 8.879508058925708
[901, 0, 0, 0, 0] , 8.98149410672973
[901, 0, 0, 0, 0] , 8.785773303499935
[901, 0, 0, 0, 0] , 8.465253490057057
[901, 0, 0, 0, 0] , 7.88686764917867
[901, 0, 0, 0, 0] , 8.131890562001313
[901, 0, 0, 0, 0] , 8.526108778462516
[901, 0, 0, 0, 0] , 9.065291323001617
[901, 0, 0, 0, 0] , 9.241974462348526
[901, 0, 0, 0, 0] , 9.173086231297628
[901, 0, 0, 0, 0] , 8.381086980184735
[901, 0, 0, 0, 0] , 8.72397448701199
[901, 0, 0, 0, 0] , 8.608680876826035
[901, 0, 0, 0, 0] , 8.801231184420617
[901, 0, 0, 0, 0] , 8.627465231292819
[901, 0, 0, 0, 0] , 9.031153407064236
[901, 0, 0, 0, 0] , 9.010467735439047
[901, 0, 0, 0, 0] , 8.90853810816336
[901, 0, 0, 0, 0] , 8.841394349606567
[901, 0, 0, 0, 0] , 9.193251391712108
[901, 0, 0, 0, 0] , 8.543087372216943
[901, 0, 0, 0, 0] , 8.430697823208915
[901, 0, 0, 0, 0] , 8.78177392378809
[901, 0, 0, 0, 0] , 9.015170341715418
[901, 0, 0, 0, 0] , 9.148266679777702
[901, 0, 0, 0, 0] , 9.135017142308246
[901, 0, 0, 0, 0] , 8.625526554326733
[901, 0, 0, 0, 0] , 8.300171804883963
[901, 0, 0, 0, 0] , 9.013217639790824
[901, 0, 0, 0, 0] , 8.983895852479076
[901, 0, 0, 0, 0] , 8.856612594776326
[901, 0, 0, 0, 0] , 9.088820461858154
[901, 0, 0, 0, 0] , 9.11757078523807
[901, 0, 0, 0, 0] , 8.544846382954198
[901, 0, 0, 0, 0] , 8.841741067427586
[901, 0, 0, 0, 0] , 8.666952243646124
[901, 0, 0, 0, 0] , 9.159089335881722
[901, 0, 0, 0, 0] , 9.12093430826595
[901, 0, 0, 0, 0] , 8.908387227648692
[901, 0, 0, 0, 0] , 8.577898813047799
[901, 0, 0, 0, 0] , 8.70984304308592
[901, 0, 0, 0, 0] , 8.596108257796807
[901, 0, 0, 0, 0] , 9.142748992045714
[901, 0, 0, 0, 0] , 9.242015009429645
[901, 0, 0, 0, 0] , 9.088917277127024
[901, 0, 0, 0, 0] , 8.804228850531066
[901, 0, 0, 0, 0] , 8.943242704119093
[901, 0, 0, 0, 0] , 9.014155797428348
[901, 0, 0, 0, 0] , 8.906240218195203
[901, 0, 0, 0, 0] , 9.329631527577746
[901, 0, 0, 0, 0] , 9.17789806221641
[901, 0, 0, 0, 0] , 8.980136339443412
[901, 0, 0, 0, 0] , 8.80123118442149
[901, 0, 0, 0, 0] , 9.137533867141014
[901, 0, 0, 0, 0] , 9.442523829831895
[901, 0, 0, 0, 0] , 9.26949772654157
[901, 0, 0, 0, 0] , 8.871234765493883
[901, 0, 0, 0, 0] , 8.971950613404996
[901, 0, 0, 0, 0] , 8.870781203846366
[901, 0, 0, 0, 0] , 9.089367628800316
[901, 0, 0, 0, 0] , 9.136917243408213
[901, 0, 0, 0, 0] , 9.150643417711228
[901, 0, 0, 0, 0] , 9.274493429772079
[901, 0, 0, 0, 0] , 9.110173202548237
[901, 0, 0, 0, 0] , 9.040265608697407
[901, 0, 0, 0, 0] , 9.343291944041
[901, 0, 0, 0, 0] , 9.15566310798139
[901, 0, 0, 0, 0] , 9.202298702263864
[901, 0, 0, 0, 0] , 9.295610646824152
[901, 0, 0, 0, 0] , 9.241974462348754
[901, 0, 0, 0, 0] , 9.260517824142308
[901, 0, 0, 0, 0] , 9.269607356722894
[901, 0, 0, 0, 0] , 8.939900138176707
[901, 0, 0, 0, 0] , 9.27369913000735
[901, 0, 0, 0, 0] , 9.109531353810791
[901, 0, 0, 0, 0] , 9.14995248057383
[901, 0, 0, 0, 0] , 9.444535607275833
[901, 0, 0, 0, 0] , 9.314595603984523
[901, 0, 0, 0, 0] , 9.049926045731397
[901, 0, 0, 0, 0] , 9.113509831213216
[901, 0, 0, 0, 0] , 9.24756265190464
[901, 0, 0, 0, 0] , 9.268894610940594
[901, 0, 0, 0, 0] , 9.193251391712927
[901, 0, 0, 0, 0] , 8.818461532838507
[901, 0, 0, 0, 0] , 9.073951307840735
[901, 0, 0, 0, 0] , 9.389930310157675
[901, 0, 0, 0, 0] , 9.10423000860943
[901, 0, 0, 0, 0] , 9.520746160638355
[901, 0, 0, 0, 0] , 9.353377389335943
[901, 0, 0, 0, 0] , 9.083648757882067
[901, 0, 0, 0, 0] , 9.111392345683802
[901, 0, 0, 0, 0] , 9.489670325323816
[901, 0, 0, 0, 0] , 9.119153251907495
[901, 0, 0, 0, 0] , 9.195514089279099
[901, 0, 0, 0, 0] , 9.44301652922479
[901, 0, 0, 0, 0] , 9.321890698957901
[901, 0, 0, 0, 0] , 9.217165027666862
[901, 0, 0, 0, 0] , 9.374454103771303
[901, 0, 0, 0, 0] , 9.270100754448157
[901, 0, 0, 0, 0] , 9.248468469912293
[901, 0, 0, 0, 0] , 9.052859152475678
[901, 0, 0, 0, 0] , 9.502773933902589
[901, 0, 0, 0, 0] , 9.173086231294311
[901, 0, 0, 0, 0] , 9.409874415166339
[901, 0, 0, 0, 0] , 9.10874183821017
[901, 0, 0, 0, 0] , 9.55177112743081
[901, 0, 0, 0, 0] , 9.4527193523917
[901, 0, 0, 0, 0] , 9.258618780871778
[901, 0, 0, 0, 0] , 9.324603254763463
[901, 0, 0, 0, 0] , 9.226781005208663
[901, 0, 0, 0, 0] , 9.504868254321478
[901, 0, 0, 0, 0] , 9.295932127555258
[901, 0, 0, 0, 0] , 9.339679556697265
[901, 0, 0, 0, 0] , 9.306165585566204
[901, 0, 0, 0, 0] , 9.285388149695926
[901, 0, 0, 0, 0] , 9.216557702554084
[901, 0, 0, 0, 0] , 9.21541506076087
[901, 0, 0, 0, 0] , 9.570567224792706
[901, 0, 0, 0, 0] , 9.26148905719909
[901, 0, 0, 0, 0] , 9.595111256636224
[901, 0, 0, 0, 0] , 9.640669421437014
[901, 0, 0, 0, 0] , 9.287401087818118
[901, 0, 0, 0, 0] , 9.410999615590473
[901, 0, 0, 0, 0] , 9.35542389413767
[901, 0, 0, 0, 0] , 9.428285832130058
[901, 0, 0, 0, 0] , 9.582422904792807
[901, 0, 0, 0, 0] , 9.42399829436716
[901, 0, 0, 0, 0] , 9.594665823817026
[901, 0, 0, 0, 0] , 9.338560980547593
[901, 0, 0, 0, 0] , 9.459763211940622
[901, 0, 0, 0, 0] , 9.297705892102988
[901, 0, 0, 0, 0] , 9.530103956879017
[901, 0, 0, 0, 0] , 9.309477346265519
[901, 0, 0, 0, 0] , 9.400549821178313
[901, 0, 0, 0, 0] , 9.396708064769642
[901, 0, 0, 0, 0] , 9.368266427950454
[901, 0, 0, 0, 0] , 9.34549259365253
[901, 0, 0, 0, 0] , 9.5836319994923
[901, 0, 0, 0, 0] , 9.454655005620719
[901, 0, 0, 0, 0] , 9.55565309729418
[901, 0, 0, 0, 0] , 9.531929777964882
[901, 0, 0, 0, 0] , 9.473153302351564
[901, 0, 0, 0, 0] , 9.522575882032623
[901, 0, 0, 0, 0] , 9.444535607276675
[901, 0, 0, 0, 0] , 9.361764912999323
[901, 0, 0, 0, 0] , 9.41741877025015
[901, 0, 0, 0, 0] , 9.432681564993683
[901, 0, 0, 0, 0] , 9.648317251524997
[901, 0, 0, 0, 0] , 9.410269043103787
[901, 0, 0, 0, 0] , 9.502076996524536
[901, 0, 0, 0, 0] , 9.431947752050915
[901, 0, 0, 0, 0] , 9.545057365815032
[901, 0, 0, 0, 0] , 9.481599445737999
[901, 0, 0, 0, 0] , 9.410197152141382
[901, 0, 0, 0, 0] , 9.540314246363453
[901, 0, 0, 0, 0] , 9.392914760717645
[901, 0, 0, 0, 0] , 9.411717243836856
[901, 0, 0, 0, 0] , 9.395919172479745
[901, 0, 0, 0, 0] , 9.400787410840984
[901, 0, 0, 0, 0] , 9.473200032882147
[901, 0, 0, 0, 0] , 9.512004721873303
[901, 0, 0, 0, 0] , 9.48202369554816
[901, 0, 0, 0, 0] , 9.516946682052852
[901, 0, 0, 0, 0] , 9.574322481090526
[901, 0, 0, 0, 0] , 9.638364923529231
[901, 0, 0, 0, 0] , 9.631491747925136
[901, 0, 0, 0, 0] , 9.516136942468883
[901, 0, 0, 0, 0] , 9.319730269635183
[901, 0, 0, 0, 0] , 9.607998213361178
[901, 0, 0, 0, 0] , 9.428982987227391
[901, 0, 0, 0, 0] , 9.642957366372668
[901, 0, 0, 0, 0] , 9.447071958144504
[901, 0, 0, 0, 0] , 9.521672986658745
[901, 0, 0, 0, 0] , 9.584848903526161
[901, 0, 0, 0, 0] , 9.601722417351192
[901, 0, 0, 0, 0] , 9.498970447190679
[901, 0, 0, 0, 0] , 9.302698913345049
[901, 0, 0, 0, 0] , 9.57480230210662
[901, 0, 0, 0, 0] , 9.38735381217356
[901, 0, 0, 0, 0] , 9.753028678054983
[901, 0, 0, 0, 0] , 9.325245939416765
[901, 0, 0, 0, 0] , 9.438329875289265
[901, 0, 0, 0, 0] , 9.527923970327866
[901, 0, 0, 0, 0] , 9.57721275279719
[901, 0, 0, 0, 0] , 9.525610957164808
[901, 0, 0, 0, 0] , 9.442903394858899
[901, 0, 0, 0, 0] , 9.643270364928098
[901, 0, 0, 0, 0] , 9.648193081489204
[901, 0, 0, 0, 0] , 9.550753947137649
[901, 0, 0, 0, 0] , 9.556509252667862
[901, 0, 0, 0, 0] , 9.47033129404938
[901, 0, 0, 0, 0] , 9.420472752479668
[901, 0, 0, 0, 0] , 9.402598357082605
[901, 0, 0, 0, 0] , 9.40376221147906
[901, 0, 0, 0, 0] , 9.564136921496148
[901, 0, 0, 0, 0] , 9.582642615832055
[901, 0, 0, 0, 0] , 9.512734399965574
[901, 0, 0, 0, 0] , 9.544713120491213
[901, 0, 0, 0, 0] , 9.524366079536152
[901, 0, 0, 0, 0] , 9.45873927401094
[901, 0, 0, 0, 0] , 9.592329104664895
[901, 0, 0, 0, 0] , 9.574212183488013
[901, 0, 0, 0, 0] , 9.551714147609259
[901, 0, 0, 0, 0] , 9.550474138340215
[901, 0, 0, 0, 0] , 9.68295409741311
[901, 0, 0, 0, 0] , 9.747368612492519
[901, 0, 0, 0, 0] , 9.5272162382388
[901, 0, 0, 0, 0] , 9.586731550304517
[901, 0, 0, 0, 0] , 9.754550208774889
[901, 0, 0, 0, 0] , 9.655127186196438
[901, 0, 0, 0, 0] , 9.57574307565183
[901, 0, 0, 0, 0] , 9.687583118713121
[901, 0, 0, 0, 0] , 9.602750761978625
[901, 0, 0, 0, 0] , 9.713757544009225
[901, 0, 0, 0, 0] , 9.565624958899225
[901, 0, 0, 0, 0] , 9.625820952443956
[901, 0, 0, 0, 0] , 9.628054862318319
[901, 0, 0, 0, 0] , 9.68574507335308
[901, 0, 0, 0, 0] , 9.739732409103825
[901, 0, 0, 0, 0] , 9.747523773422982
[901, 0, 0, 0, 0] , 9.608331756940437
[901, 0, 0, 0, 0] , 9.642603379282011
[901, 0, 0, 0, 0] , 9.754550208774889
[901, 0, 0, 0, 0] , 9.676845834049688
[901, 0, 0, 0, 0] , 9.749181374596528
[901, 0, 0, 0, 0] , 9.614270154555594
[901, 0, 0, 0, 0] , 9.538896769675166
[901, 0, 0, 0, 0] , 9.640311042936142
[901, 0, 0, 0, 0] , 9.721488048749066
[901, 0, 0, 0, 0] , 9.739917778575997
[901, 0, 0, 0, 0] , 9.597947448496901
[901, 0, 0, 0, 0] , 9.713757544009272
[901, 0, 0, 0, 0] , 9.570441072423584
[901, 0, 0, 0, 0] , 9.67872391430527
[901, 0, 0, 0, 0] , 9.740652457829583
[901, 0, 0, 0, 0] , 9.78399576496472
[901, 0, 0, 0, 0] , 9.73671818556183
[901, 0, 0, 0, 0] , 9.631609232388271
[901, 0, 0, 0, 0] , 9.65980196333273
[901, 0, 0, 0, 0] , 9.679160553966039
[901, 0, 0, 0, 0] , 9.670794567458321
[901, 0, 0, 0, 0] , 9.671348297118161
[901, 0, 0, 0, 0] , 9.662204063730975
[901, 0, 0, 0, 0] , 9.654049558282809
[901, 0, 0, 0, 0] , 9.74014193768112
[901, 0, 0, 0, 0] , 9.77154447877549
[901, 0, 0, 0, 0] , 9.743772846980795
[901, 0, 0, 0, 0] , 9.736718185561926
[901, 0, 0, 0, 0] , 9.803412944207569
[901, 0, 0, 0, 0] , 9.755205587081377
[901, 0, 0, 0, 0] , 9.714355306513307
[901, 0, 0, 0, 0] , 9.698776107267067
[901, 0, 0, 0, 0] , 9.697491667769677
[901, 0, 0, 0, 0] , 9.678559058147764
[901, 0, 0, 0, 0] , 9.827964817007334
[901, 0, 0, 0, 0] , 9.768277818230187
[901, 0, 0, 0, 0] , 9.639187855052107
[901, 0, 0, 0, 0] , 9.777521047707493
[901, 0, 0, 0, 0] , 9.687829845593647
[901, 0, 0, 0, 0] , 9.782652982960148
[901, 0, 0, 0, 0] , 9.6800001135318
[901, 0, 0, 0, 0] , 9.702107371533934
[901, 0, 0, 0, 0] , 9.850881194840124
[901, 0, 0, 0, 0] , 9.76319201182498
[901, 0, 0, 0, 0] , 9.828955038129378
[901, 0, 0, 0, 0] , 9.788694384742008
[901, 0, 0, 0, 0] , 9.71567062955536
[901, 0, 0, 0, 0] , 9.79693150340108
[901, 0, 0, 0, 0] , 9.827568260976086
[901, 0, 0, 0, 0] , 9.794059206977941
[901, 0, 0, 0, 0] , 9.784385960010876
[901, 0, 0, 0, 0] , 9.73720955555589
[901, 0, 0, 0, 0] , 9.75279140610529
[901, 0, 0, 0, 0] , 9.753161370486565
[901, 0, 0, 0, 0] , 9.804686446767336
[901, 0, 0, 0, 0] , 9.733662956806523
[901, 0, 0, 0, 0] , 9.814114465703561
[901, 0, 0, 0, 0] , 9.754384772133106
[901, 0, 0, 0, 0] , 9.780478826813347
[901, 0, 0, 0, 0] , 9.833677771386828
[901, 0, 0, 0, 0] , 9.74408890106827
[901, 0, 0, 0, 0] , 9.816930496277294
[901, 0, 0, 0, 0] , 9.819357739839507
[901, 0, 0, 0, 0] , 9.881856057502427
[901, 0, 0, 0, 0] , 9.832229991376506
[901, 0, 0, 0, 0] , 9.818715206637869
[901, 0, 0, 0, 0] , 9.836191244960927
[901, 0, 0, 0, 0] , 9.846390116228141
[901, 0, 0, 0, 0] , 9.771500196058392
[901, 0, 0, 0, 0] , 9.800486145901097
[901, 0, 0, 0, 0] , 9.82582598963051
[901, 0, 0, 0, 0] , 9.83342397040625
[901, 0, 0, 0, 0] , 9.81871520664025
[901, 0, 0, 0, 0] , 9.8469420039958
[901, 0, 0, 0, 0] , 9.836339781726302
[901, 0, 0, 0, 0] , 9.79226522115538
[901, 0, 0, 0, 0] , 9.828326462551221
[901, 0, 0, 0, 0] , 9.82295189269731
[901, 0, 0, 0, 0] , 9.848219815890918
[901, 0, 0, 0, 0] , 9.89861637641151
[901, 0, 0, 0, 0] , 9.780193457973128
[901, 0, 0, 0, 0] , 9.84486238868712
[901, 0, 0, 0, 0] , 9.816222274573986
[901, 0, 0, 0, 0] , 9.854789517990499
[901, 0, 0, 0, 0] , 9.857024533410804
[901, 0, 0, 0, 0] , 9.83951835166778
[901, 0, 0, 0, 0] , 9.856372610018473
[901, 0, 0, 0, 0] , 9.848583945950327
[901, 0, 0, 0, 0] , 9.827964817007334
[901, 0, 0, 0, 0] , 9.815194568843308
[901, 0, 0, 0, 0] , 9.840189530693955
[901, 0, 0, 0, 0] , 9.833887114881005
[901, 0, 0, 0, 0] , 9.821269939858286
[901, 0, 0, 0, 0] , 9.79729340131758
[901, 0, 0, 0, 0] , 9.848653381171216
[901, 0, 0, 0, 0] , 9.870923963188536
[901, 0, 0, 0, 0] , 9.907451142332665
[901, 0, 0, 0, 0] , 9.894207591648833
[901, 0, 0, 0, 0] , 9.89740053440557
[901, 0, 0, 0, 0] , 9.89989551680009
[901, 0, 0, 0, 0] , 9.906523310894148
[901, 0, 0, 0, 0] , 9.93885242446195
[901, 0, 0, 0, 0] , 9.91052444085095
[901, 0, 0, 0, 0] , 9.85762447307353
[901, 0, 0, 0, 0] , 9.897814883649607
[901, 0, 0, 0, 0] , 9.877264654693294
[901, 0, 0, 0, 0] , 9.88836250529437
[901, 0, 0, 0, 0] , 9.924985404609094
[901, 0, 0, 0, 0] , 9.90229219685258
[901, 0, 0, 0, 0] , 9.89589432653559
[901, 0, 0, 0, 0] , 9.898435571195423
[901, 0, 0, 0, 0] , 9.8823602683723
[901, 0, 0, 0, 0] , 9.902903823173645
[901, 0, 0, 0, 0] , 9.893044956157361
[901, 0, 0, 0, 0] , 9.89936098911494
[901, 0, 0, 0, 0] , 9.914366186091367
[901, 0, 0, 0, 0] , 9.897758778960608
[901, 0, 0, 0, 0] , 9.910172510558061
[901, 0, 0, 0, 0] , 9.917650829087597
[901, 0, 0, 0, 0] , 9.90121055809374
[901, 0, 0, 0, 0] , 9.901714513398172
[901, 0, 0, 0, 0] , 9.905516051276308
[901, 0, 0, 0, 0] , 9.896842270820807
[901, 0, 0, 0, 0] , 9.917862796567302
[901, 0, 0, 0, 0] , 9.924991162538047
[901, 0, 0, 0, 0] , 9.942416307099785
[901, 0, 0, 0, 0] , 9.89930674597163
[901, 0, 0, 0, 0] , 9.916225357921132
[901, 0, 0, 0, 0] , 9.886098608854736
[901, 0, 0, 0, 0] , 9.927996334923584
[901, 0, 0, 0, 0] , 9.904143466524125
[901, 0, 0, 0, 0] , 9.937914290784542
[901, 0, 0, 0, 0] , 9.898002296840257
[901, 0, 0, 0, 0] , 9.95906785377105
[901, 0, 0, 0, 0] , 9.921544686869002
[901, 0, 0, 0, 0] , 9.923525695433662
[901, 0, 0, 0, 0] , 9.919093374348968
[901, 0, 0, 0, 0] , 9.914662671165477
[901, 0, 0, 0, 0] , 9.916444360382114
[901, 0, 0, 0, 0] , 9.910609387852586
[901, 0, 0, 0, 0] , 9.894649803321748
[901, 0, 0, 0, 0] , 9.923635007895236
[901, 0, 0, 0, 0] , 9.931677793994973
[901, 0, 0, 0, 0] , 9.951390407887418
[901, 0, 0, 0, 0] , 9.928193339215834
[901, 0, 0, 0, 0] , 9.957328823341555
[901, 0, 0, 0, 0] , 9.914815689218322
[901, 0, 0, 0, 0] , 9.897676427471469
[901, 0, 0, 0, 0] , 9.921015878242791
[901, 0, 0, 0, 0] , 9.934503730725941
[901, 0, 0, 0, 0] , 9.960943766624817
[901, 0, 0, 0, 0] , 9.931429241372935
[901, 0, 0, 0, 0] , 9.95050237314626
[901, 0, 0, 0, 0] , 9.95906785377105
[901, 0, 0, 0, 0] , 9.93851621904135
[901, 0, 0, 0, 0] , 9.947413263982
[901, 0, 0, 0, 0] , 9.933194286045415
[901, 0, 0, 0, 0] , 9.94364878696411
[901, 0, 0, 0, 0] , 9.92664889668546
[901, 0, 0, 0, 0] , 9.935885862016672
[901, 0, 0, 0, 0] , 9.947681161163054
[901, 0, 0, 0, 0] , 9.94908450367538
[901, 0, 0, 0, 0] , 9.936475134415831
[901, 0, 0, 0, 0] , 9.946863078804416
[901, 0, 0, 0, 0] , 9.935263828497952
[901, 0, 0, 0, 0] , 9.953645900850942
[901, 0, 0, 0, 0] , 9.942712563624454
[901, 0, 0, 0, 0] , 9.93376333639889
[901, 0, 0, 0, 0] , 9.961161101953406
[901, 0, 0, 0, 0] , 9.960858672382024
[901, 0, 0, 0, 0] , 9.951803956305934
[901, 0, 0, 0, 0] , 9.953923806931462
[901, 0, 0, 0, 0] , 9.967398447803703
[901, 0, 0, 0, 0] , 9.962080782666355
[901, 0, 0, 0, 0] , 9.966960181836225
[901, 0, 0, 0, 0] , 9.956487279623301
[901, 0, 0, 0, 0] , 9.964078984539022
[901, 0, 0, 0, 0] , 9.96120851860429
[901, 0, 0, 0, 0] , 9.967199932710418
[901, 0, 0, 0, 0] , 9.9572205013974
[901, 0, 0, 0, 0] , 9.955082070741982
[901, 0, 0, 0, 0] , 9.968333224730099
[901, 0, 0, 0, 0] , 9.968208123893218
[901, 0, 0, 0, 0] , 9.977478950589349
[901, 0, 0, 0, 0] , 9.953157453614113
[901, 0, 0, 0, 0] , 9.95674796338664
[901, 0, 0, 0, 0] , 9.96615989251431
[901, 0, 0, 0, 0] , 9.953728594617093
[901, 0, 0, 0, 0] , 9.962814469905261
[901, 0, 0, 0, 0] , 9.969734032382224
[901, 0, 0, 0, 0] , 9.973358414374214
[901, 0, 0, 0, 0] , 9.966652668346036
[901, 0, 0, 0, 0] , 9.971601548757253
[901, 0, 0, 0, 0] , 9.977478950589349
[901, 0, 0, 0, 0] , 9.95852812855229
[901, 0, 0, 0, 0] , 9.973014530419631
[901, 0, 0, 0, 0] , 9.979705967608124
[901, 0, 0, 0, 0] , 9.975695131216932
[901, 0, 0, 0, 0] , 9.977082654885535
[901, 0, 0, 0, 0] , 9.968408757819358
[901, 0, 0, 0, 0] , 9.974444791208594
[901, 0, 0, 0, 0] , 9.969966705264659
[901, 0, 0, 0, 0] , 9.987445588705183
[901, 0, 0, 0, 0] , 9.974002791696806
[901, 0, 0, 0, 0] , 9.970032283874383
[901, 0, 0, 0, 0] , 9.97093939488019
[901, 0, 0, 0, 0] , 9.97388949072333
[901, 0, 0, 0, 0] , 9.983824728429909
[901, 0, 0, 0, 0] , 9.975848442039064
[901, 0, 0, 0, 0] , 9.978480195447004
[901, 0, 0, 0, 0] , 9.974513500946035
[901, 0, 0, 0, 0] , 9.979159553670184
[901, 0, 0, 0, 0] , 9.967047431954509
[901, 0, 0, 0, 0] , 9.977017175436302
[901, 0, 0, 0, 0] , 9.981955269395439
[901, 0, 0, 0, 0] , 9.977267021831281
[901, 0, 0, 0, 0] , 9.974223031254247
[901, 0, 0, 0, 0] , 9.973902825217824
[901, 0, 0, 0, 0] , 9.977753936546968
[901, 0, 0, 0, 0] , 9.990342610939898
[901, 0, 0, 0, 0] , 9.977532963198698
[901, 0, 0, 0, 0] , 9.980143096122237
[901, 0, 0, 0, 0] , 9.97844470670785
[901, 0, 0, 0, 0] , 9.981307620196606
[901, 0, 0, 0, 0] , 9.977082654885535
[901, 0, 0, 0, 0] , 9.979951416264347
[901, 0, 0, 0, 0] , 9.979618781480298
[901, 0, 0, 0, 0] , 9.981171187242113
[901, 0, 0, 0, 0] , 9.980317047244062
[901, 0, 0, 0, 0] , 9.980002288960232
[901, 0, 0, 0, 0] , 9.986758590774791
[901, 0, 0, 0, 0] , 9.977940021576025
[901, 0, 0, 0, 0] , 9.98356893117376
[901, 0, 0, 0, 0] , 9.9824256112883
[901, 0, 0, 0, 0] , 9.985223936117992
[901, 0, 0, 0, 0] , 9.986756623997815
[901, 0, 0, 0, 0] , 9.981664059439192
[901, 0, 0, 0, 0] , 9.97897713993735
[901, 0, 0, 0, 0] , 9.98397800023967
[901, 0, 0, 0, 0] , 9.982607980627707
[901, 0, 0, 0, 0] , 9.987806583603948
[901, 0, 0, 0, 0] , 9.981562776898508
[901, 0, 0, 0, 0] , 9.986877696817633
[901, 0, 0, 0, 0] , 9.98687833833414
[901, 0, 0, 0, 0] , 9.983667979039021
[901, 0, 0, 0, 0] , 9.98439165178871
[901, 0, 0, 0, 0] , 9.988415890801189
[901, 0, 0, 0, 0] , 9.985144546397551
[901, 0, 0, 0, 0] , 9.985828431065736
[901, 0, 0, 0, 0] , 9.987393842818907
[901, 0, 0, 0, 0] , 9.982692304387383
[901, 0, 0, 0, 0] , 9.986081594671221
[901, 0, 0, 0, 0] , 9.988537237281514
[901, 0, 0, 0, 0] , 9.98386406942106
[901, 0, 0, 0, 0] , 9.98441502207497
[901, 0, 0, 0, 0] , 9.991679286771149
[901, 0, 0, 0, 0] , 9.985810989727353
[901, 0, 0, 0, 0] , 9.987315171157626
[901, 0, 0, 0, 0] , 9.984541649416325
[901, 0, 0, 0, 0] , 9.987373261311829
[901, 0, 0, 0, 0] , 9.988336135056834
[901, 0, 0, 0, 0] , 9.985988354655062
[901, 0, 0, 0, 0] , 9.981955269395636
[901, 0, 0, 0, 0] , 9.98736797643993
[901, 0, 0, 0, 0] , 9.989073053387068
[901, 0, 0, 0, 0] , 9.985212610642199
[901, 0, 0, 0, 0] , 9.987212336418075
[901, 0, 0, 0, 0] , 9.989834076478019
[901, 0, 0, 0, 0] , 9.986240734275421
[901, 0, 0, 0, 0] , 9.988369846819984
[901, 0, 0, 0, 0] , 9.986066476027675
[901, 0, 0, 0, 0] , 9.985055826995406
[901, 0, 0, 0, 0] , 9.98837063621832
[901, 0, 0, 0, 0] , 9.986398357045093
[901, 0, 0, 0, 0] , 9.989562639770478
[901, 0, 0, 0, 0] , 9.99030597843705
[901, 0, 0, 0, 0] , 9.986878338333943
[901, 0, 0, 0, 0] , 9.986019134854503
[901, 0, 0, 0, 0] , 9.98618283220291
[901, 0, 0, 0, 0] , 9.9853003608132
[901, 0, 0, 0, 0] , 9.986449556994636
[901, 0, 0, 0, 0] , 9.989073053387019
[901, 0, 0, 0, 0] , 9.987053302132852
[901, 0, 0, 0, 0] , 9.989553241204378
[901, 0, 0, 0, 0] , 9.986230661640604
[901, 0, 0, 0, 0] , 9.987315171157626
[901, 0, 0, 0, 0] , 9.988604899220494
[901, 0, 0, 0, 0] , 9.987458478782493
[901, 0, 0, 0, 0] , 9.99095713487771
[901, 0, 0, 0, 0] , 9.983555468427534
[901, 0, 0, 0, 0] , 9.984198662336645
[901, 0, 0, 0, 0] , 9.987053302132901
[901, 0, 0, 0, 0] , 9.985456132536237
[901, 0, 0, 0, 0] , 9.989714412311784
[901, 0, 0, 0, 0] , 9.987045942489729
[901, 0, 0, 0, 0] , 9.98764179282906
[901, 0, 0, 0, 0] , 9.987575987515653
[901, 0, 0, 0, 0] , 9.985156414335764
[901, 0, 0, 0, 0] , 9.985884308699012
[901, 0, 0, 0, 0] , 9.985505969467281
[901, 0, 0, 0, 0] , 9.986427731742953
[901, 0, 0, 0, 0] , 9.987052030198589
[901, 0, 0, 0, 0] , 9.986093124294888
[901, 0, 0, 0, 0] , 9.988647802799608
[901, 0, 0, 0, 0] , 9.987600312212424
[901, 0, 0, 0, 0] , 9.986567290627825
[901, 0, 0, 0, 0] , 9.985508524283311
[901, 0, 0, 0, 0] , 9.98743701599977
[901, 0, 0, 0, 0] , 9.986008079584487
[901, 0, 0, 0, 0] , 9.987054360568731
[901, 0, 0, 0, 0] , 9.987612181797918
[901, 0, 0, 0, 0] , 9.986968926382463
[901, 0, 0, 0, 0] , 9.990311117909883
[901, 0, 0, 0, 0] , 9.985610228500063
[901, 0, 0, 0, 0] , 9.985155500521703
[901, 0, 0, 0, 0] , 9.98539415218805
[901, 0, 0, 0, 0] , 9.984391651788759
[901, 0, 0, 0, 0] , 9.989556016223075
[901, 0, 0, 0, 0] , 9.986090934086416
[901, 0, 0, 0, 0] , 9.986826565677777
[901, 0, 0, 0, 0] , 9.990349355723101
[901, 0, 0, 0, 0] , 9.992650101794247
[901, 0, 0, 0, 0] , 9.988591137157437
[901, 0, 0, 0, 0] , 9.988321951252017
[901, 0, 0, 0, 0] , 9.991264478933925
[901, 0, 0, 0, 0] , 9.98543111289746
[901, 0, 0, 0, 0] , 9.9862118580239
[901, 0, 0, 0, 0] , 9.988120807476532
[901, 0, 0, 0, 0] , 9.990665676872613
[901, 0, 0, 0, 0] , 9.987363276244494
[901, 0, 0, 0, 0] , 9.99045865226463
[901, 0, 0, 0, 0] , 9.991710290603283
[901, 0, 0, 0, 0] , 9.98746003810934
[901, 0, 0, 0, 0] , 9.988000287440848
[901, 0, 0, 0, 0] , 9.99418934159915
[901, 0, 0, 0, 0] , 9.990903682062937
[901, 0, 0, 0, 0] , 9.988852470731711
[901, 0, 0, 0, 0] , 9.991095711510962
[901, 0, 0, 0, 0] , 9.990276257339218
[901, 0, 0, 0, 0] , 9.989841850368679
[901, 0, 0, 0, 0] , 9.986066476027675
[901, 0, 0, 0, 0] , 9.988590954196429
[901, 0, 0, 0, 0] , 9.988027367577596
[901, 0, 0, 0, 0] , 9.991062237673038
[901, 0, 0, 0, 0] , 9.987309352312586
[901, 0, 0, 0, 0] , 9.99154286093886
[901, 0, 0, 0, 0] , 9.99226241264994
[901, 0, 0, 0, 0] , 9.990744264513484
[901, 0, 0, 0, 0] , 9.990397879895847
[901, 0, 0, 0, 0] , 9.991522459216869
[901, 0, 0, 0, 0] , 9.988775751746408
[901, 0, 0, 0, 0] , 9.99013283084597
[901, 0, 0, 0, 0] , 9.991086729220223
[901, 0, 0, 0, 0] , 9.990641723693269
[901, 0, 0, 0, 0] , 9.99023676247441
[901, 0, 0, 0, 0] , 9.992188369242502
[901, 0, 0, 0, 0] , 9.99041084047011
[901, 0, 0, 0, 0] , 9.988874959701342
[901, 0, 0, 0, 0] , 9.993589800634213
[901, 0, 0, 0, 0] , 9.992928363838407
[901, 0, 0, 0, 0] , 9.987480660537955
[901, 0, 0, 0, 0] , 9.992679627449318
[901, 0, 0, 0, 0] , 9.988166625621199
[901, 0, 0, 0, 0] , 9.99041084047011
[901, 0, 0, 0, 0] , 9.986639601752454
[901, 0, 0, 0, 0] , 9.990566295868092
[901, 0, 0, 0, 0] , 9.995123185431403
[901, 0, 0, 0, 0] , 9.991477491757234
[901, 0, 0, 0, 0] , 9.989516572814308
[901, 0, 0, 0, 0] , 9.992564267785433
[901, 0, 0, 0, 0] , 9.993171113560141
[901, 0, 0, 0, 0] , 9.990380163672056
[901, 0, 0, 0, 0] , 9.994355520252906
[901, 0, 0, 0, 0] , 9.98906179228461
[901, 0, 0, 0, 0] , 9.988604350892496
[901, 0, 0, 0, 0] , 9.990970553377771
[901, 0, 0, 0, 0] , 9.991534035441823
[901, 0, 0, 0, 0] , 9.988579421620686
[901, 0, 0, 0, 0] , 9.994365701873107
[901, 0, 0, 0, 0] , 9.990896010610902
[901, 0, 0, 0, 0] , 9.990167418528284
[901, 0, 0, 0, 0] , 9.996162916129204
[901, 0, 0, 0, 0] , 9.992040248386841
[901, 0, 0, 0, 0] , 9.991003964412629
[901, 0, 0, 0, 0] , 9.99239422686741
[901, 0, 0, 0, 0] , 9.992761491146663
[901, 0, 0, 0, 0] , 9.992434778600828
[901, 0, 0, 0, 0] , 9.99282702158453
[901, 0, 0, 0, 0] , 9.994020791344903
[901, 0, 0, 0, 0] , 9.99070524916911
[901, 0, 0, 0, 0] , 9.99228591253832
[901, 0, 0, 0, 0] , 9.992593657666998
[901, 0, 0, 0, 0] , 9.992130476397108
[901, 0, 0, 0, 0] , 9.992404129735359
[901, 0, 0, 0, 0] , 9.99214235835521
[901, 0, 0, 0, 0] , 9.992949250176936
[901, 0, 0, 0, 0] , 9.996456891610055
[901, 0, 0, 0, 0] , 9.994335631613907
[901, 0, 0, 0, 0] , 9.992501592384937
[901, 0, 0, 0, 0] , 9.995073620425462
[901, 0, 0, 0, 0] , 9.991486945265628
[901, 0, 0, 0, 0] , 9.99570532589301
[901, 0, 0, 0, 0] , 9.99137182499591
[901, 0, 0, 0, 0] , 9.996082996339375
[901, 0, 0, 0, 0] , 9.99453634464399
[901, 0, 0, 0, 0] , 9.992182768489444
[901, 0, 0, 0, 0] , 9.994299651155991
[901, 0, 0, 0, 0] , 9.995529791092938
[901, 0, 0, 0, 0] , 9.99618040905031
[901, 0, 0, 0, 0] , 9.993361666789221
[901, 0, 0, 0, 0] , 9.99270835874574
[901, 0, 0, 0, 0] , 9.995297689194587
[901, 0, 0, 0, 0] , 9.99524071426286
[901, 0, 0, 0, 0] , 9.995713610593407
[901, 0, 0, 0, 0] , 9.994441048678832
[901, 0, 0, 0, 0] , 9.994205911075374
[901, 0, 0, 0, 0] , 9.995300799824061
[901, 0, 0, 0, 0] , 9.995309239633071
[901, 0, 0, 0, 0] , 9.996494888411897
[901, 0, 0, 0, 0] , 9.994419931056282
[901, 0, 0, 0, 0] , 9.994734054706989
[901, 0, 0, 0, 0] , 9.995968234501289
[901, 0, 0, 0, 0] , 9.995757299523527
[901, 0, 0, 0, 0] , 9.995968234501289
[901, 0, 0, 0, 0] , 9.996176245253409
[901, 0, 0, 0, 0] , 9.995565053569917
[901, 0, 0, 0, 0] , 9.995701898178446
[901, 0, 0, 0, 0] , 9.995993036824057
[901, 0, 0, 0, 0] , 9.996386531599644
[901, 0, 0, 0, 0] , 9.996013348634868
[901, 0, 0, 0, 0] , 9.996252770955682
[901, 0, 0, 0, 0] , 9.995815544466186
[901, 0, 0, 0, 0] , 9.996684392599086
[901, 0, 0, 0, 0] , 9.997702826291983
[901, 0, 0, 0, 0] , 9.996456891610105
[901, 0, 0, 0, 0] , 9.996340066833646
[901, 0, 0, 0, 0] , 9.996451111361672
[901, 0, 0, 0, 0] , 9.996352488105826
[901, 0, 0, 0, 0] , 9.996366780967012
[901, 0, 0, 0, 0] , 9.996663876239678
[901, 0, 0, 0, 0] , 9.996246790829751
[901, 0, 0, 0, 0] , 9.996674194076252
[901, 0, 0, 0, 0] , 9.996746374859848
[901, 0, 0, 0, 0] , 9.996541746350328
[901, 0, 0, 0, 0] , 9.995692312830062
[901, 0, 0, 0, 0] , 9.99667826889912
[901, 0, 0, 0, 0] , 9.997260079385953
[901, 0, 0, 0, 0] , 9.995722507394301
[901, 0, 0, 0, 0] , 9.996612669860948
[901, 0, 0, 0, 0] , 9.99623829610349
[901, 0, 0, 0, 0] , 9.996814151388056
[901, 0, 0, 0, 0] , 9.996746374859848
[901, 0, 0, 0, 0] , 9.997649907222016
[901, 0, 0, 0, 0] , 9.997563102837555
[901, 0, 0, 0, 0] , 9.997324794915126
[901, 0, 0, 0, 0] , 9.996746374859848
[901, 0, 0, 0, 0] , 9.997148742702585
[901, 0, 0, 0, 0] , 9.996331784414021
[901, 0, 0, 0, 0] , 9.995980336090195
[901, 0, 0, 0, 0] , 9.996135217055102
[901, 0, 0, 0, 0] , 9.996357635967701
[901, 0, 0, 0, 0] , 9.997048401457908
[901, 0, 0, 0, 0] , 9.997563102837555
[901, 0, 0, 0, 0] , 9.996319442676455
[901, 0, 0, 0, 0] , 9.996618894758267
[901, 0, 0, 0, 0] , 9.996526914064741
[901, 0, 0, 0, 0] , 9.997415707353273
[901, 0, 0, 0, 0] , 9.996417904799838
[901, 0, 0, 0, 0] , 9.996608724600954
[901, 0, 0, 0, 0] , 9.996736394503001
[901, 0, 0, 0, 0] , 9.997340072449802
[901, 0, 0, 0, 0] , 9.997215763875998
[901, 0, 0, 0, 0] , 9.99663095132597
[901, 0, 0, 0, 0] , 9.996612514286635
[901, 0, 0, 0, 0] , 9.996392393128184
[901, 0, 0, 0, 0] , 9.99667447368392
[901, 0, 0, 0, 0] , 9.997600955698644
[901, 0, 0, 0, 0] , 9.996799085164698
[901, 0, 0, 0, 0] , 9.997235018016319
[901, 0, 0, 0, 0] , 9.996612514286635
[901, 0, 0, 0, 0] , 9.996983117787797
[901, 0, 0, 0, 0] , 9.9970733784602
[901, 0, 0, 0, 0] , 9.996837992792205
[901, 0, 0, 0, 0] , 9.996895691520747
[901, 0, 0, 0, 0] , 9.996526627096262
[901, 0, 0, 0, 0] , 9.996010659735703
[901, 0, 0, 0, 0] , 9.996674114214354
[901, 0, 0, 0, 0] , 9.996891778290246
[901, 0, 0, 0, 0] , 9.997311577727725
[901, 0, 0, 0, 0] , 9.996633572795714
[901, 0, 0, 0, 0] , 9.996591211663684
[901, 0, 0, 0, 0] , 9.996788540834029
[901, 0, 0, 0, 0] , 9.99658206134223
[901, 0, 0, 0, 0] , 9.9977186813824
[901, 0, 0, 0, 0] , 9.997556950470864
[901, 0, 0, 0, 0] , 9.997398613837898
[901, 0, 0, 0, 0] , 9.996894854285552
[901, 0, 0, 0, 0] , 9.996697471015164
[901, 0, 0, 0, 0] , 9.996663876239678
[901, 0, 0, 0, 0] , 9.996541781022632
[901, 0, 0, 0, 0] , 9.997118303986966
[901, 0, 0, 0, 0] , 9.99706648467961
[901, 0, 0, 0, 0] , 9.997020801773008
[901, 0, 0, 0, 0] , 9.997198446785417
[901, 0, 0, 0, 0] , 9.996857089757091
[901, 0, 0, 0, 0] , 9.996519234987783
[901, 0, 0, 0, 0] , 9.99784755176785
[901, 0, 0, 0, 0] , 9.996948297742053
[901, 0, 0, 0, 0] , 9.997966132171051
[901, 0, 0, 0, 0] , 9.996250067795824
[901, 0, 0, 0, 0] , 9.997249379643605
[901, 0, 0, 0, 0] , 9.997186676987642
[901, 0, 0, 0, 0] , 9.997194865545394
[901, 0, 0, 0, 0] , 9.996894854285552
[901, 0, 0, 0, 0] , 9.99718658077342
[901, 0, 0, 0, 0] , 9.996972521660242
[901, 0, 0, 0, 0] , 9.997957374943303
[901, 0, 0, 0, 0] , 9.997016176013645
[901, 0, 0, 0, 0] , 9.997311737060306
[901, 0, 0, 0, 0] , 9.99739730983962
[901, 0, 0, 0, 0] , 9.998031655416872
[901, 0, 0, 0, 0] , 9.996088333322001
[901, 0, 0, 0, 0] , 9.997092533620396
[901, 0, 0, 0, 0] , 9.997063249309159
[901, 0, 0, 0, 0] , 9.996707809528491
[901, 0, 0, 0, 0] , 9.997966132171051
[901, 0, 0, 0, 0] , 9.997827355299098
[901, 0, 0, 0, 0] , 9.997347324063021
[901, 0, 0, 0, 0] , 9.998509886552627
[901, 0, 0, 0, 0] , 9.997106631990595
[901, 0, 0, 0, 0] , 9.998595073907346
[901, 0, 0, 0, 0] , 9.997807375794759
[901, 0, 0, 0, 0] , 9.997716393278656
[901, 0, 0, 0, 0] , 9.998566553714177
[901, 0, 0, 0, 0] , 9.997698497910372
[901, 0, 0, 0, 0] , 9.998478686177096
[901, 0, 0, 0, 0] , 9.997395579642092
[901, 0, 0, 0, 0] , 9.997966132171051
[901, 0, 0, 0, 0] , 9.997276748401374
[901, 0, 0, 0, 0] , 9.99800964146776
[901, 0, 0, 0, 0] , 9.997902091734684
[901, 0, 0, 0, 0] , 9.9972186323173
[901, 0, 0, 0, 0] , 9.998283455177056
[901, 0, 0, 0, 0] , 9.99737395808108
[901, 0, 0, 0, 0] , 9.998907246765238
[901, 0, 0, 0, 0] , 9.998400409772486
[901, 0, 0, 0, 0] , 9.9975957790761
[901, 0, 0, 0, 0] , 9.99828012599236
[901, 0, 0, 0, 0] , 9.997975394685959
[901, 0, 0, 0, 0] , 9.998091704024104
[901, 0, 0, 0, 0] , 9.99834300829894
[901, 0, 0, 0, 0] , 9.998838031098261
[901, 0, 0, 0, 0] , 9.998522534990267
[901, 0, 0, 0, 0] , 9.998409612282494
[901, 0, 0, 0, 0] , 9.998123043194754
[901, 0, 0, 0, 0] , 9.99813096365271
[901, 0, 0, 0, 0] , 9.998631363140237
[901, 0, 0, 0, 0] , 9.998217371507018
[901, 0, 0, 0, 0] , 9.998203095814556
[901, 0, 0, 0, 0] , 9.998621527527924
[901, 0, 0, 0, 0] , 9.998301919319946
[901, 0, 0, 0, 0] , 9.998191790963828
[901, 0, 0, 0, 0] , 9.998317922284256
[901, 0, 0, 0, 0] , 9.998985578117981
[901, 0, 0, 0, 0] , 9.998226779949807
[901, 0, 0, 0, 0] , 9.998950233559459
[901, 0, 0, 0, 0] , 9.998614271857289
[901, 0, 0, 0, 0] , 9.99874192532265
[901, 0, 0, 0, 0] , 9.998651280170929
[901, 0, 0, 0, 0] , 9.99843976004975
[901, 0, 0, 0, 0] , 9.998631363140237
[901, 0, 0, 0, 0] , 9.998861142379932
[901, 0, 0, 0, 0] , 9.998933959751328
[901, 0, 0, 0, 0] , 9.998873561436213
[901, 0, 0, 0, 0] , 9.999036932352588
[901, 0, 0, 0, 0] , 9.999194011464926
[901, 0, 0, 0, 0] , 9.998940319531215
[901, 0, 0, 0, 0] , 9.998925910470128
[901, 0, 0, 0, 0] , 9.999110537604214
[901, 0, 0, 0, 0] , 9.998747734439668
[901, 0, 0, 0, 0] , 9.999034176075524
[901, 0, 0, 0, 0] , 9.99893353346312
[901, 0, 0, 0, 0] , 9.999001489802048
[901, 0, 0, 0, 0] , 9.99894991967778
[901, 0, 0, 0, 0] , 9.998903142352642
[901, 0, 0, 0, 0] , 9.99927049344578
[901, 0, 0, 0, 0] , 9.99886093138835
[901, 0, 0, 0, 0] , 9.999146723052025
[901, 0, 0, 0, 0] , 9.999101552480962
[901, 0, 0, 0, 0] , 9.999030568717066
[901, 0, 0, 0, 0] , 9.99927049344578
[901, 0, 0, 0, 0] , 9.999105642466077
[901, 0, 0, 0, 0] , 9.999245999342149
[901, 0, 0, 0, 0] , 9.999105697661996
[901, 0, 0, 0, 0] , 9.999302598470175
[901, 0, 0, 0, 0] , 9.999201044610269
[901, 0, 0, 0, 0] , 9.998867522492711
[901, 0, 0, 0, 0] , 9.999076782638662
[901, 0, 0, 0, 0] , 9.999169008118564
[901, 0, 0, 0, 0] , 9.999185139718652
[901, 0, 0, 0, 0] , 9.99917646232931
[901, 0, 0, 0, 0] , 9.999225604552043
[901, 0, 0, 0, 0] , 9.998725454986003
[901, 0, 0, 0, 0] , 9.9992726404306
[901, 0, 0, 0, 0] , 9.999053612730657
[901, 0, 0, 0, 0] , 9.999212065536398
[901, 0, 0, 0, 0] , 9.99917098107087
[901, 0, 0, 0, 0] , 9.999311920178096
[901, 0, 0, 0, 0] , 9.99915944351011
[901, 0, 0, 0, 0] , 9.999175730273667
[901, 0, 0, 0, 0] , 9.999498482283638
[901, 0, 0, 0, 0] , 9.999461781432492
[901, 0, 0, 0, 0] , 9.999240914335534
[901, 0, 0, 0, 0] , 9.99945089654692
[901, 0, 0, 0, 0] , 9.999359585697485
[901, 0, 0, 0, 0] , 9.999493403368074
[901, 0, 0, 0, 0] , 9.999510640411039
[901, 0, 0, 0, 0] , 9.999305293544316
[901, 0, 0, 0, 0] , 9.999174198009506
[901, 0, 0, 0, 0] , 9.999391028149681
[901, 0, 0, 0, 0] , 9.999480044727331
[901, 0, 0, 0, 0] , 9.999563513544958
[901, 0, 0, 0, 0] , 9.99950583953845
[901, 0, 0, 0, 0] , 9.999546223500536
[901, 0, 0, 0, 0] , 9.99954648981204
[901, 0, 0, 0, 0] , 9.999525975654853
[901, 0, 0, 0, 0] , 9.999551133778356
[901, 0, 0, 0, 0] , 9.999463928803328
[901, 0, 0, 0, 0] , 9.999576182964686
[901, 0, 0, 0, 0] , 9.999512012572167
[901, 0, 0, 0, 0] , 9.99954648981204
[901, 0, 0, 0, 0] , 9.999487558488507
[901, 0, 0, 0, 0] , 9.999521381598914
[901, 0, 0, 0, 0] , 9.99951692724029
[901, 0, 0, 0, 0] , 9.99952280660763
[901, 0, 0, 0, 0] , 9.999520266358141
[901, 0, 0, 0, 0] , 9.999543259570412
[901, 0, 0, 0, 0] , 9.999487398811418
[901, 0, 0, 0, 0] , 9.999528468615281
[901, 0, 0, 0, 0] , 9.99954940499514
[901, 0, 0, 0, 0] , 9.999571638252501
[901, 0, 0, 0, 0] , 9.9995180198973
[901, 0, 0, 0, 0] , 9.999640876694503
[901, 0, 0, 0, 0] , 9.999551673076487
[901, 0, 0, 0, 0] , 9.999569787635052
[901, 0, 0, 0, 0] , 9.99950101915042
[901, 0, 0, 0, 0] , 9.999487617825984
[901, 0, 0, 0, 0] , 9.999557087299047
[901, 0, 0, 0, 0] , 9.999677272759747
[901, 0, 0, 0, 0] , 9.999510326269524
[901, 0, 0, 0, 0] , 9.999656950616485
[901, 0, 0, 0, 0] , 9.99944699207034
[901, 0, 0, 0, 0] , 9.999584691421596
[901, 0, 0, 0, 0] , 9.999585864291504
[901, 0, 0, 0, 0] , 9.99955378994177
[901, 0, 0, 0, 0] , 9.999550827356991
[901, 0, 0, 0, 0] , 9.999575690345507
[901, 0, 0, 0, 0] , 9.999542957484653
[901, 0, 0, 0, 0] , 9.999582775138068
[901, 0, 0, 0, 0] , 9.999618485901374
[901, 0, 0, 0, 0] , 9.999544301850323
[901, 0, 0, 0, 0] , 9.999657302783229
[901, 0, 0, 0, 0] , 9.99957069962985
[901, 0, 0, 0, 0] , 9.999589618369258
[901, 0, 0, 0, 0] , 9.999549042921032
[901, 0, 0, 0, 0] , 9.99956052482682
[901, 0, 0, 0, 0] , 9.99956428211553
[901, 0, 0, 0, 0] , 9.999661212344314
[901, 0, 0, 0, 0] , 9.999565788306946
[901, 0, 0, 0, 0] , 9.999591912796731
[901, 0, 0, 0, 0] , 9.999590466144127
[901, 0, 0, 0, 0] , 9.999565013306409
[901, 0, 0, 0, 0] , 9.999625139790888
[901, 0, 0, 0, 0] , 9.999573914082317
[901, 0, 0, 0, 0] , 9.999556699482218
[901, 0, 0, 0, 0] , 9.999583650255007
[901, 0, 0, 0, 0] , 9.999593118973763
[901, 0, 0, 0, 0] , 9.999696713860718
[901, 0, 0, 0, 0] , 9.999648610041135
[901, 0, 0, 0, 0] , 9.99958785385589
[901, 0, 0, 0, 0] , 9.999622857068019
[901, 0, 0, 0, 0] , 9.999633251495895
[901, 0, 0, 0, 0] , 9.999625893548856
[901, 0, 0, 0, 0] , 9.999573956608591
[901, 0, 0, 0, 0] , 9.99959032396237
[901, 0, 0, 0, 0] , 9.999614551873112
[901, 0, 0, 0, 0] , 9.999679945625251
[901, 0, 0, 0, 0] , 9.99957316797741
[901, 0, 0, 0, 0] , 9.999596239945683
[901, 0, 0, 0, 0] , 9.999571820160394
[901, 0, 0, 0, 0] , 9.999556609309286
[901, 0, 0, 0, 0] , 9.999594481581331
[901, 0, 0, 0, 0] , 9.999593951972685
[901, 0, 0, 0, 0] , 9.999603312280938
[901, 0, 0, 0, 0] , 9.99972738738007
[901, 0, 0, 0, 0] , 9.99963512553729
[901, 0, 0, 0, 0] , 9.999626979253481
[901, 0, 0, 0, 0] , 9.99964714487916
[901, 0, 0, 0, 0] , 9.999621903283577
[901, 0, 0, 0, 0] , 9.999628830743681
[901, 0, 0, 0, 0] , 9.999583237593887
[901, 0, 0, 0, 0] , 9.999623844195922
[901, 0, 0, 0, 0] , 9.999639490372726
[901, 0, 0, 0, 0] , 9.9996342127669
[901, 0, 0, 0, 0] , 9.999609370596623
[901, 0, 0, 0, 0] , 9.999609020746458
[901, 0, 0, 0, 0] , 9.999569583296699
[901, 0, 0, 0, 0] , 9.999616702196763
[901, 0, 0, 0, 0] , 9.999689953879681
[901, 0, 0, 0, 0] , 9.999616106803371
[901, 0, 0, 0, 0] , 9.999627701025164
[901, 0, 0, 0, 0] , 9.999625629769055
[901, 0, 0, 0, 0] , 9.999683597814217
[901, 0, 0, 0, 0] , 9.999639820398281
[901, 0, 0, 0, 0] , 9.999680201530168
[901, 0, 0, 0, 0] , 9.999650885019317
[901, 0, 0, 0, 0] , 9.9996568678919
[901, 0, 0, 0, 0] , 9.999692176531937
[901, 0, 0, 0, 0] , 9.9996154662984
[901, 0, 0, 0, 0] , 9.999600232347396
[901, 0, 0, 0, 0] , 9.999735120240624
[901, 0, 0, 0, 0] , 9.99962941861165
[901, 0, 0, 0, 0] , 9.999660989924156
[901, 0, 0, 0, 0] , 9.999660142095326
[901, 0, 0, 0, 0] , 9.999585406024968
[901, 0, 0, 0, 0] , 9.99960831022504
[901, 0, 0, 0, 0] , 9.999643879073849
[901, 0, 0, 0, 0] , 9.999642534819628
[901, 0, 0, 0, 0] , 9.999697569466775
[901, 0, 0, 0, 0] , 9.999627701025164
[901, 0, 0, 0, 0] , 9.999716237653406
[901, 0, 0, 0, 0] , 9.999730209971446
[901, 0, 0, 0, 0] , 9.999704031843008
[901, 0, 0, 0, 0] , 9.999673833957932
[901, 0, 0, 0, 0] , 9.999631962899976
[901, 0, 0, 0, 0] , 9.999674694660683
[901, 0, 0, 0, 0] , 9.999606294772883
[901, 0, 0, 0, 0] , 9.99966663078997
[901, 0, 0, 0, 0] , 9.999629545131237
[901, 0, 0, 0, 0] , 9.999592638548153
[901, 0, 0, 0, 0] , 9.999709282636095
[901, 0, 0, 0, 0] , 9.999568996298223
[901, 0, 0, 0, 0] , 9.99966319615144
[901, 0, 0, 0, 0] , 9.999563226345508
[901, 0, 0, 0, 0] , 9.999724481078072
[901, 0, 0, 0, 0] , 9.999640876694503
[901, 0, 0, 0, 0] , 9.999598761686656
[901, 0, 0, 0, 0] , 9.999613861470372
[901, 0, 0, 0, 0] , 9.999708011377814
[901, 0, 0, 0, 0] , 9.999620020173012
[901, 0, 0, 0, 0] , 9.999687894707346
[901, 0, 0, 0, 0] , 9.999635551559585
[901, 0, 0, 0, 0] , 9.999639535160101
[901, 0, 0, 0, 0] , 9.9995973715986
[901, 0, 0, 0, 0] , 9.99960567637512
[901, 0, 0, 0, 0] , 9.99964132619695
[901, 0, 0, 0, 0] , 9.999701573680488
[901, 0, 0, 0, 0] , 9.999653813282665
[901, 0, 0, 0, 0] , 9.999575088168172
[901, 0, 0, 0, 0] , 9.999637329744251
[901, 0, 0, 0, 0] , 9.99958806989695
[901, 0, 0, 0, 0] , 9.999657107377404
[901, 0, 0, 0, 0] , 9.999680612616581
[901, 0, 0, 0, 0] , 9.999638305829938
[901, 0, 0, 0, 0] , 9.999716237653406
[901, 0, 0, 0, 0] , 9.999636530351836
[901, 0, 0, 0, 0] , 9.999670422654537
[901, 0, 0, 0, 0] , 9.999680844436098
[901, 0, 0, 0, 0] , 9.99963918275149
[901, 0, 0, 0, 0] , 9.999634159737226
[901, 0, 0, 0, 0] , 9.999668014132153
[901, 0, 0, 0, 0] , 9.999718842349102
[901, 0, 0, 0, 0] , 9.999583980075693
[901, 0, 0, 0, 0] , 9.99965938982737
[901, 0, 0, 0, 0] , 9.999665269149773
[901, 0, 0, 0, 0] , 9.999757586761314
[901, 0, 0, 0, 0] , 9.99961462112252
[901, 0, 0, 0, 0] , 9.999679906454219
[901, 0, 0, 0, 0] , 9.999622049545122
[901, 0, 0, 0, 0] , 9.999640133145654
[901, 0, 0, 0, 0] , 9.99963408405269
[901, 0, 0, 0, 0] , 9.999632746885055
[901, 0, 0, 0, 0] , 9.999677272759747
[901, 0, 0, 0, 0] , 9.999654281264142
[901, 0, 0, 0, 0] , 9.999625679601913
[901, 0, 0, 0, 0] , 9.999587492597344
[901, 0, 0, 0, 0] , 9.99961138832126
[901, 0, 0, 0, 0] , 9.999639432829152
[901, 0, 0, 0, 0] , 9.999647810855498
[901, 0, 0, 0, 0] , 9.999772860367319
[901, 0, 0, 0, 0] , 9.999708011377814
[901, 0, 0, 0, 0] , 9.99965864067301
[901, 0, 0, 0, 0] , 9.999668014132103
[901, 0, 0, 0, 0] , 9.999664779505107
[901, 0, 0, 0, 0] , 9.999612742099345
[901, 0, 0, 0, 0] , 9.999615096928862
[901, 0, 0, 0, 0] , 9.999697472492485
[901, 0, 0, 0, 0] , 9.999642332653162
[901, 0, 0, 0, 0] , 9.99964067422056
[901, 0, 0, 0, 0] , 9.999674972200236
[901, 0, 0, 0, 0] , 9.999680680901818
[901, 0, 0, 0, 0] , 9.999631451413048
[901, 0, 0, 0, 0] , 9.999626149612336
[901, 0, 0, 0, 0] , 9.999660040117234
[901, 0, 0, 0, 0] , 9.99971364219056
[901, 0, 0, 0, 0] , 9.999644396050305
[901, 0, 0, 0, 0] , 9.999638271149964
[901, 0, 0, 0, 0] , 9.999649187026357
[901, 0, 0, 0, 0] , 9.999643813195766
[901, 0, 0, 0, 0] , 9.999616348202284
[901, 0, 0, 0, 0] , 9.99968373098715
[901, 0, 0, 0, 0] , 9.999610153537619
[901, 0, 0, 0, 0] , 9.999656663392564
[901, 0, 0, 0, 0] , 9.999622434983536
[901, 0, 0, 0, 0] , 9.999671715515614
[901, 0, 0, 0, 0] , 9.999650234874691
[901, 0, 0, 0, 0] , 9.999580049026214
[901, 0, 0, 0, 0] , 9.999638350032049
[901, 0, 0, 0, 0] , 9.999692643098129
[901, 0, 0, 0, 0] , 9.999609636692174
[901, 0, 0, 0, 0] , 9.999653097071285
[901, 0, 0, 0, 0] , 9.999735120240624
[901, 0, 0, 0, 0] , 9.999604579975632
[901, 0, 0, 0, 0] , 9.999654281264142
[901, 0, 0, 0, 0] , 9.999638918243512
[901, 0, 0, 0, 0] , 9.999712269778732
[901, 0, 0, 0, 0] , 9.99961109587479
[901, 0, 0, 0, 0] , 9.999596713493656
[901, 0, 0, 0, 0] , 9.999622314310892
[901, 0, 0, 0, 0] , 9.999673857471244
[901, 0, 0, 0, 0] , 9.999558966285718
[901, 0, 0, 0, 0] , 9.999712269778732
[901, 0, 0, 0, 0] , 9.999631588315967
[901, 0, 0, 0, 0] , 9.999647219266704
[901, 0, 0, 0, 0] , 9.999633951631271
[901, 0, 0, 0, 0] , 9.999600265823693
[901, 0, 0, 0, 0] , 9.999625679601913
[901, 0, 0, 0, 0] , 9.999661383690004
[901, 0, 0, 0, 0] , 9.99960838419921
[901, 0, 0, 0, 0] , 9.999646711934307
[901, 0, 0, 0, 0] , 9.999679901388394
[901, 0, 0, 0, 0] , 9.999624363711744
[901, 0, 0, 0, 0] , 9.999654289156583
[901, 0, 0, 0, 0] , 9.999680844436048
[901, 0, 0, 0, 0] , 9.99966926934072
[901, 0, 0, 0, 0] , 9.999587492597344
[901, 0, 0, 0, 0] , 9.999672997988458
[901, 0, 0, 0, 0] , 9.999728054975328
[901, 0, 0, 0, 0] , 9.999679901388394
[901, 0, 0, 0, 0] , 9.999674082955167
[901, 0, 0, 0, 0] , 9.99963512759469
[901, 0, 0, 0, 0] , 9.999600041455993
[901, 0, 0, 0, 0] , 9.999713200538526
[901, 0, 0, 0, 0] , 9.999644978594993
[901, 0, 0, 0, 0] , 9.9996851909089
[901, 0, 0, 0, 0] , 9.999631937926113
[901, 0, 0, 0, 0] , 9.999647371984665
[901, 0, 0, 0, 0] , 9.999688461947935
[901, 0, 0, 0, 0] , 9.999599813778785
[901, 0, 0, 0, 0] , 9.999692643098129
[901, 0, 0, 0, 0] , 9.99966366551805
[901, 0, 0, 0, 0] , 9.99966999893234
[901, 0, 0, 0, 0] , 9.99965100027382
[901, 0, 0, 0, 0] , 9.999573716256378
[901, 0, 0, 0, 0] , 9.99962098371218
[901, 0, 0, 0, 0] , 9.999678517367892
[901, 0, 0, 0, 0] , 9.999664105699269
[901, 0, 0, 0, 0] , 9.999643210717263
[901, 0, 0, 0, 0] , 9.999609279254827
[901, 0, 0, 0, 0] , 9.999681958432841
[901, 0, 0, 0, 0] , 9.99968098274766
[901, 0, 0, 0, 0] , 9.999604737034572
[901, 0, 0, 0, 0] , 9.999702492632732
[901, 0, 0, 0, 0] , 9.99983361334303
[901, 0, 0, 0, 0] , 9.999723228193684
[901, 0, 0, 0, 0] , 9.999730209971446
[901, 0, 0, 0, 0] , 9.999673857471244
[901, 0, 0, 0, 0] , 9.999688461947935
[901, 0, 0, 0, 0] , 9.999630387728063
[901, 0, 0, 0, 0] , 9.999688748377647
[901, 0, 0, 0, 0] , 9.999640572578453
[901, 0, 0, 0, 0] , 9.999757641079142
[901, 0, 0, 0, 0] , 9.999630763265802
[901, 0, 0, 0, 0] , 9.999570954276782
[901, 0, 0, 0, 0] , 9.999619323384826
[901, 0, 0, 0, 0] , 9.999673505653123
[901, 0, 0, 0, 0] , 9.999701573680488
[901, 0, 0, 0, 0] , 9.999642930875085
[901, 0, 0, 0, 0] , 9.9996851909089
[901, 0, 0, 0, 0] , 9.999608548610121
[901, 0, 0, 0, 0] , 9.999658409387077
[901, 0, 0, 0, 0] , 9.999640757713541
[901, 0, 0, 0, 0] , 9.999594529311386
[901, 0, 0, 0, 0] , 9.999620034698136
[901, 0, 0, 0, 0] , 9.999654733458039
[901, 0, 0, 0, 0] , 9.999649925164924
[901, 0, 0, 0, 0] , 9.999643777650828
[901, 0, 0, 0, 0] , 9.999757641079142
[901, 0, 0, 0, 0] , 9.999694249819527
[901, 0, 0, 0, 0] , 9.999631771127724
[901, 0, 0, 0, 0] , 9.999648442645867
[901, 0, 0, 0, 0] , 9.999622566846778
[901, 0, 0, 0, 0] , 9.999699333478217
[901, 0, 0, 0, 0] , 9.999709241061991
[901, 0, 0, 0, 0] , 9.999621475380456
[901, 0, 0, 0, 0] , 9.999682938012874
[901, 0, 0, 0, 0] , 9.999816063798452
[901, 0, 0, 0, 0] , 9.99966366551805
[901, 0, 0, 0, 0] , 9.999647372234042
[901, 0, 0, 0, 0] , 9.999608966661976
[901, 0, 0, 0, 0] , 9.999706493350397
[901, 0, 0, 0, 0] , 9.999578925727858
[901, 0, 0, 0, 0] , 9.999740231688243
[901, 0, 0, 0, 0] , 9.999593611398549
[901, 0, 0, 0, 0] , 9.999598016388976
[901, 0, 0, 0, 0] , 9.999650234874691
[901, 0, 0, 0, 0] , 9.99983361334303
[901, 0, 0, 0, 0] , 9.9996851909089
[901, 0, 0, 0, 0] , 9.999635262995461
[901, 0, 0, 0, 0] , 9.999633919182076
[901, 0, 0, 0, 0] , 9.99964714487916
[901, 0, 0, 0, 0] , 9.999621032836307
[901, 0, 0, 0, 0] , 9.999735049682135
[901, 0, 0, 0, 0] , 9.999671532847374
[901, 0, 0, 0, 0] , 9.99964860198306
[901, 0, 0, 0, 0] , 9.999620754613014
[901, 0, 0, 0, 0] , 9.999706751967555
[901, 0, 0, 0, 0] , 9.999690384230131
[901, 0, 0, 0, 0] , 9.999617438173676
[901, 0, 0, 0, 0] , 9.99966523167561
[901, 0, 0, 0, 0] , 9.999727968582574
[901, 0, 0, 0, 0] , 9.999626171985568
[901, 0, 0, 0, 0] , 9.999611249494379
[901, 0, 0, 0, 0] , 9.999574665714515
[901, 0, 0, 0, 0] , 9.999597313657587
[901, 0, 0, 0, 0] , 9.999716237653406
[901, 0, 0, 0, 0] , 9.999735094760121
[901, 0, 0, 0, 0] , 9.999670507369693
[901, 0, 0, 0, 0] , 9.999737062825764
[901, 0, 0, 0, 0] , 9.999564535123987
[901, 0, 0, 0, 0] , 9.99960256857147
[901, 0, 0, 0, 0] , 9.999686119107732
[901, 0, 0, 0, 0] , 9.999655729812691
[901, 0, 0, 0, 0] , 9.999598365036102
[901, 0, 0, 0, 0] , 9.99962113768053
[901, 0, 0, 0, 0] , 9.999744857239822
[901, 0, 0, 0, 0] , 9.999607066291658
[901, 0, 0, 0, 0] , 9.999626316260738
[901, 0, 0, 0, 0] , 9.999664105699269
[901, 0, 0, 0, 0] , 9.999654802707676
[901, 0, 0, 0, 0] , 9.999672039081466
[901, 0, 0, 0, 0] , 9.999634246760285
[901, 0, 0, 0, 0] , 9.999628830743681
[901, 0, 0, 0, 0] , 9.99982553466503
[901, 0, 0, 0, 0] , 9.99962073677817
[901, 0, 0, 0, 0] , 9.999695009244647
[901, 0, 0, 0, 0] , 9.999694866401068
[901, 0, 0, 0, 0] , 9.99967398186421
[901, 0, 0, 0, 0] , 9.999671532847374
[901, 0, 0, 0, 0] , 9.99972738738007
[901, 0, 0, 0, 0] , 9.9996896128263
[901, 0, 0, 0, 0] , 9.999639745325752
[901, 0, 0, 0, 0] , 9.999622272860254
[901, 0, 0, 0, 0] , 9.999644885395277
[901, 0, 0, 0, 0] , 9.99972144038185
[901, 0, 0, 0, 0] , 9.999735629272793
[901, 0, 0, 0, 0] , 9.999708244079256
[901, 0, 0, 0, 0] , 9.999712013308327
[901, 0, 0, 0, 0] , 9.999694340517166
[901, 0, 0, 0, 0] , 9.999833558166365
[901, 0, 0, 0, 0] , 9.999789516575019
[901, 0, 0, 0, 0] , 9.999682554875696
[901, 0, 0, 0, 0] , 9.999701573680488
[901, 0, 0, 0, 0] , 9.99968859233297
[901, 0, 0, 0, 0] , 9.999675879647658
[901, 0, 0, 0, 0] , 9.99982127375045
[901, 0, 0, 0, 0] , 9.999751448124396
[901, 0, 0, 0, 0] , 9.999653998589679
[901, 0, 0, 0, 0] , 9.999658376124259
[901, 0, 0, 0, 0] , 9.99975609051096
[901, 0, 0, 0, 0] , 9.99978831200393
[901, 0, 0, 0, 0] , 9.999715674243467
[901, 0, 0, 0, 0] , 9.999747887753209
[901, 0, 0, 0, 0] , 9.999767139930821
[901, 0, 0, 0, 0] , 9.999823356119554
[901, 0, 0, 0, 0] , 9.999756651746608
[901, 0, 0, 0, 0] , 9.99979493330547
[901, 0, 0, 0, 0] , 9.999703374071585
[901, 0, 0, 0, 0] , 9.99977571230885
[901, 0, 0, 0, 0] , 9.999673830703308
[901, 0, 0, 0, 0] , 9.999817088894705
[901, 0, 0, 0, 0] , 9.999795237106222
[901, 0, 0, 0, 0] , 9.999741807320454
[901, 0, 0, 0, 0] , 9.999691544492547
[901, 0, 0, 0, 0] , 9.999746339763764
[901, 0, 0, 0, 0] , 9.999843671131654
[901, 0, 0, 0, 0] , 9.999718571002866
[901, 0, 0, 0, 0] , 9.999760099763117
[901, 0, 0, 0, 0] , 9.999693924914956
[901, 0, 0, 0, 0] , 9.999740231688243
[901, 0, 0, 0, 0] , 9.999826634742297
[901, 0, 0, 0, 0] , 9.999800100174165
[901, 0, 0, 0, 0] , 9.999710326725355
[901, 0, 0, 0, 0] , 9.99980011280855
[901, 0, 0, 0, 0] , 9.9997820853404
[901, 0, 0, 0, 0] , 9.999825232954619
[901, 0, 0, 0, 0] , 9.999754602673104
[901, 0, 0, 0, 0] , 9.999817720737564
[901, 0, 0, 0, 0] , 9.999708922669472
[901, 0, 0, 0, 0] , 9.999880629444633
[901, 0, 0, 0, 0] , 9.999784156866212
[901, 0, 0, 0, 0] , 9.999762013798186
[901, 0, 0, 0, 0] , 9.999777180625767
[901, 0, 0, 0, 0] , 9.999776594087123
[901, 0, 0, 0, 0] , 9.999764299527493
[901, 0, 0, 0, 0] , 9.999798113130376
[901, 0, 0, 0, 0] , 9.999784156866212
[901, 0, 0, 0, 0] , 9.999777131438133
[901, 0, 0, 0, 0] , 9.999796337850896
[901, 0, 0, 0, 0] , 9.999845278544795
[901, 0, 0, 0, 0] , 9.999790456722065
[901, 0, 0, 0, 0] , 9.999774457958956
[901, 0, 0, 0, 0] , 9.99987354255072
[901, 0, 0, 0, 0] , 9.99989088587234
[901, 0, 0, 0, 0] , 9.999759093729239
[901, 0, 0, 0, 0] , 9.99983837663651
[901, 0, 0, 0, 0] , 9.999925198715532
[901, 0, 0, 0, 0] , 9.999839191028016
[901, 0, 0, 0, 0] , 9.999826629852537
[901, 0, 0, 0, 0] , 9.999872691882775
[901, 0, 0, 0, 0] , 9.999866059135154
[901, 0, 0, 0, 0] , 9.999828653321506
[901, 0, 0, 0, 0] , 9.999874637243435
[901, 0, 0, 0, 0] , 9.999916134007748
[901, 0, 0, 0, 0] , 9.999851217922542
[901, 0, 0, 0, 0] , 9.999892271133145
[901, 0, 0, 0, 0] , 9.999864213531662
[901, 0, 0, 0, 0] , 9.999860695726902
[901, 0, 0, 0, 0] , 9.999849558187197
[901, 0, 0, 0, 0] , 9.999842412989441
[901, 0, 0, 0, 0] , 9.999893736097945
[901, 0, 0, 0, 0] , 9.999878579260743
[901, 0, 0, 0, 0] , 9.999914968843482
[901, 0, 0, 0, 0] , 9.999878639353636
[901, 0, 0, 0, 0] , 9.999892580356706
[901, 0, 0, 0, 0] , 9.999914403196522
[901, 0, 0, 0, 0] , 9.999892670882625
[901, 0, 0, 0, 0] , 9.999898986669212
[901, 0, 0, 0, 0] , 9.999911467513499
[901, 0, 0, 0, 0] , 9.999944747117974
[901, 0, 0, 0, 0] , 9.99993417448389
[901, 0, 0, 0, 0] , 9.999925542238143
[901, 0, 0, 0, 0] , 9.999939921894768
[901, 0, 0, 0, 0] , 9.999906736942059
[901, 0, 0, 0, 0] , 9.999916499997966
[901, 0, 0, 0, 0] , 9.999909632840042
[901, 0, 0, 0, 0] , 9.999931665115948
[901, 0, 0, 0, 0] , 9.999908307335199
[901, 0, 0, 0, 0] , 9.999923707036746
[901, 0, 0, 0, 0] , 9.999919821059303
[901, 0, 0, 0, 0] , 9.999916565790791
[901, 0, 0, 0, 0] , 9.99991657882703
[901, 0, 0, 0, 0] , 9.999911441857245
[901, 0, 0, 0, 0] , 9.999922024185254
[901, 0, 0, 0, 0] , 9.999965953913279
[901, 0, 0, 0, 0] , 9.999916842649272
[901, 0, 0, 0, 0] , 9.999905206834436
[901, 0, 0, 0, 0] , 9.999921988204099
[901, 0, 0, 0, 0] , 9.999899296086701
[901, 0, 0, 0, 0] , 9.99990046356271
[901, 0, 0, 0, 0] , 9.999910065922705
[901, 0, 0, 0, 0] , 9.999930652158838
[901, 0, 0, 0, 0] , 9.999955522870575
[901, 0, 0, 0, 0] , 9.999907524511098
[901, 0, 0, 0, 0] , 9.999932819312221
[901, 0, 0, 0, 0] , 9.999936330162345
[901, 0, 0, 0, 0] , 9.999908433978398
[901, 0, 0, 0, 0] , 9.999939059306636
[901, 0, 0, 0, 0] , 9.999910461744774
[901, 0, 0, 0, 0] , 9.999927658263282
[901, 0, 0, 0, 0] , 9.999962432599478
[901, 0, 0, 0, 0] , 9.99995990833619
[901, 0, 0, 0, 0] , 9.999951406961797
[901, 0, 0, 0, 0] , 9.999953798396268
[901, 0, 0, 0, 0] , 9.999938830886828
[901, 0, 0, 0, 0] , 9.99998182448568
[901, 0, 0, 0, 0] , 9.999961807361693
[901, 0, 0, 0, 0] , 9.99995604193091
[901, 0, 0, 0, 0] , 9.999973502247842
[901, 0, 0, 0, 0] , 9.999959453479509
[901, 0, 0, 0, 0] , 9.999974863252325
[901, 0, 0, 0, 0] , 9.999975190030217
[901, 0, 0, 0, 0] , 9.999964344505228
[901, 0, 0, 0, 0] , 9.99994989894314
[901, 0, 0, 0, 0] , 9.999973455441069
[901, 0, 0, 0, 0] , 9.999972818305892
[901, 0, 0, 0, 0] , 9.999967580417762
[901, 0, 0, 0, 0] , 9.99996709237186
[901, 0, 0, 0, 0] , 9.999978684708658
[901, 0, 0, 0, 0] , 9.999980456716319
[901, 0, 0, 0, 0] , 9.99997805795444
[901, 0, 0, 0, 0] , 9.99996810929651
[901, 0, 0, 0, 0] , 9.999976321849623
[901, 0, 0, 0, 0] , 9.999972331971156
[901, 0, 0, 0, 0] , 9.999980526490798
[901, 0, 0, 0, 0] , 9.999978522688991
[901, 0, 0, 0, 0] , 9.999981719297322
[901, 0, 0, 0, 0] , 9.999981719297322
[901, 0, 0, 0, 0] , 9.999983977247854
[901, 0, 0, 0, 0] , 9.999981197270724
[901, 0, 0, 0, 0] , 9.999976656487522
[901, 0, 0, 0, 0] , 9.999970382780806
[901, 0, 0, 0, 0] , 9.999987159281513
[901, 0, 0, 0, 0] , 9.999986283040755
[901, 0, 0, 0, 0] , 9.999979085977658
[901, 0, 0, 0, 0] , 9.999986743015892
[901, 0, 0, 0, 0] , 9.999981447445036
[901, 0, 0, 0, 0] , 9.999982297001488
[901, 0, 0, 0, 0] , 9.999985916706688
[901, 0, 0, 0, 0] , 9.999981466752466
[901, 0, 0, 0, 0] , 9.999981531395855
[901, 0, 0, 0, 0] , 9.999989285793893
[901, 0, 0, 0, 0] , 9.999984975145336
[901, 0, 0, 0, 0] , 9.999988236999794
[901, 0, 0, 0, 0] , 9.999983300076302
[901, 0, 0, 0, 0] , 9.99998797672222
[901, 0, 0, 0, 0] , 9.999986477389069
[901, 0, 0, 0, 0] , 9.999987790632982
[901, 0, 0, 0, 0] , 9.999989500687967
[901, 0, 0, 0, 0] , 9.99999011356497
[901, 0, 0, 0, 0] , 9.99998967308555
[901, 0, 0, 0, 0] , 9.99998771826086
[901, 0, 0, 0, 0] , 9.99999063154488
[901, 0, 0, 0, 0] , 9.999989065524336
[901, 0, 0, 0, 0] , 9.999991059681886
[901, 0, 0, 0, 0] , 9.999989761661839
[901, 0, 0, 0, 0] , 9.999992077427397
[901, 0, 0, 0, 0] , 9.99999190693824
[901, 0, 0, 0, 0] , 9.999993084044394
[901, 0, 0, 0, 0] , 9.999991343351432
[901, 0, 0, 0, 0] , 9.999992016276561
[901, 0, 0, 0, 0] , 9.999993647236227
[901, 0, 0, 0, 0] , 9.9999918344048
[901, 0, 0, 0, 0] , 9.99999237269514
[901, 0, 0, 0, 0] , 9.999991002226663
[901, 0, 0, 0, 0] , 9.999993745943284
[901, 0, 0, 0, 0] , 9.999991577065868
[901, 0, 0, 0, 0] , 9.99999206200487
[901, 0, 0, 0, 0] , 9.999991755546025
[901, 0, 0, 0, 0] , 9.999993194011788
[901, 0, 0, 0, 0] , 9.99999360124808
[901, 0, 0, 0, 0] , 9.999992321570398
[901, 0, 0, 0, 0] , 9.999992542716733
[901, 0, 0, 0, 0] , 9.999993647236227
[901, 0, 0, 0, 0] , 9.999993196978306
[901, 0, 0, 0, 0] , 9.999993286405338
[901, 0, 0, 0, 0] , 9.999993290929867
[901, 0, 0, 0, 0] , 9.999992969998159
[901, 0, 0, 0, 0] , 9.999994008086988
[901, 0, 0, 0, 0] , 9.999993094237919
[901, 0, 0, 0, 0] , 9.99999342014128
[901, 0, 0, 0, 0] , 9.99999373420002
[901, 0, 0, 0, 0] , 9.99999377245224
[901, 0, 0, 0, 0] , 9.99999271118141
[901, 0, 0, 0, 0] , 9.999993603412221
[901, 0, 0, 0, 0] , 9.999994235841115
[901, 0, 0, 0, 0] , 9.99999447852188
[901, 0, 0, 0, 0] , 9.999993501242798
[901, 0, 0, 0, 0] , 9.999993478589895
[901, 0, 0, 0, 0] , 9.999994185980718
[901, 0, 0, 0, 0] , 9.999994016280038
[901, 0, 0, 0, 0] , 9.999993345645041
[901, 0, 0, 0, 0] , 9.999994017030222
[901, 0, 0, 0, 0] , 9.999993564646472
[901, 0, 0, 0, 0] , 9.999993463177518
[901, 0, 0, 0, 0] , 9.99999459012039
[901, 0, 0, 0, 0] , 9.999994253501274
[901, 0, 0, 0, 0] , 9.99999365770142
[901, 0, 0, 0, 0] , 9.999993840074065
[901, 0, 0, 0, 0] , 9.999995745138635
[901, 0, 0, 0, 0] , 9.999994340785964
[901, 0, 0, 0, 0] , 9.999994045913484
[901, 0, 0, 0, 0] , 9.999994309555632
[901, 0, 0, 0, 0] , 9.999994470456743
[901, 0, 0, 0, 0] , 9.99999460086508
[901, 0, 0, 0, 0] , 9.999995700457916
[901, 0, 0, 0, 0] , 9.999994316457537
[901, 0, 0, 0, 0] , 9.999994688438573
[901, 0, 0, 0, 0] , 9.99999470617361
[901, 0, 0, 0, 0] , 9.999995630262159
[901, 0, 0, 0, 0] , 9.999995036372521
[901, 0, 0, 0, 0] , 9.999994250710552
[901, 0, 0, 0, 0] , 9.999993931060448
[901, 0, 0, 0, 0] , 9.999994854469605
[901, 0, 0, 0, 0] , 9.999995188192742
[901, 0, 0, 0, 0] , 9.99999492113609
[901, 0, 0, 0, 0] , 9.999994816134631
[901, 0, 0, 0, 0] , 9.999995598632093
[901, 0, 0, 0, 0] , 9.999995955362976
[901, 0, 0, 0, 0] , 9.999994879995784
[901, 0, 0, 0, 0] , 9.999995076347364
[901, 0, 0, 0, 0] , 9.999995608553853
[901, 0, 0, 0, 0] , 9.99999548547274
[901, 0, 0, 0, 0] , 9.99999508614755
[901, 0, 0, 0, 0] , 9.999995344430827
[901, 0, 0, 0, 0] , 9.999995225570093
[901, 0, 0, 0, 0] , 9.99999591467157
[901, 0, 0, 0, 0] , 9.999995761783877
[901, 0, 0, 0, 0] , 9.999995114873787
[901, 0, 0, 0, 0] , 9.999995695378708
[901, 0, 0, 0, 0] , 9.99999557163288
[901, 0, 0, 0, 0] , 9.999995467991345
[901, 0, 0, 0, 0] , 9.999995192842508
[901, 0, 0, 0, 0] , 9.999995432434265
[901, 0, 0, 0, 0] , 9.999995944763532
[901, 0, 0, 0, 0] , 9.999995522143632
[901, 0, 0, 0, 0] , 9.999995444332878
[901, 0, 0, 0, 0] , 9.999995412998796
[901, 0, 0, 0, 0] , 9.999995313855994
[901, 0, 0, 0, 0] , 9.99999607480093
[901, 0, 0, 0, 0] , 9.999995245684682
[901, 0, 0, 0, 0] , 9.999995591172986
[901, 0, 0, 0, 0] , 9.999995529809786
[901, 0, 0, 0, 0] , 9.999995181788368
[901, 0, 0, 0, 0] , 9.999995900072262
[901, 0, 0, 0, 0] , 9.999995553121511
[901, 0, 0, 0, 0] , 9.999995555553806
[901, 0, 0, 0, 0] , 9.999995790337934
[901, 0, 0, 0, 0] , 9.999996470424854
[901, 0, 0, 0, 0] , 9.999995592222472
[901, 0, 0, 0, 0] , 9.999996204261416
[901, 0, 0, 0, 0] , 9.999996348671472
[901, 0, 0, 0, 0] , 9.999994959759125
[901, 0, 0, 0, 0] , 9.999995115230085
[901, 0, 0, 0, 0] , 9.999995849528526
[901, 0, 0, 0, 0] , 9.999995695378708
[901, 0, 0, 0, 0] , 9.99999554238252
[901, 0, 0, 0, 0] , 9.999995767318326
[901, 0, 0, 0, 0] , 9.999996192883213
[901, 0, 0, 0, 0] , 9.999996243044853
[901, 0, 0, 0, 0] , 9.999995796756123
[901, 0, 0, 0, 0] , 9.999996026766787
[901, 0, 0, 0, 0] , 9.999995247012919
[901, 0, 0, 0, 0] , 9.999997309947224
[901, 0, 0, 0, 0] , 9.99999555123533
[901, 0, 0, 0, 0] , 9.999996342969247
[901, 0, 0, 0, 0] , 9.999996434370635
[901, 0, 0, 0, 0] , 9.999996319525398
[901, 0, 0, 0, 0] , 9.999995223868423
[901, 0, 0, 0, 0] , 9.99999614243282
[901, 0, 0, 0, 0] , 9.9999956286832
[901, 0, 0, 0, 0] , 9.99999591721266
[901, 0, 0, 0, 0] , 9.999995572985878
[901, 0, 0, 0, 0] , 9.999995659550205
[901, 0, 0, 0, 0] , 9.999995160541545
[901, 0, 0, 0, 0] , 9.999996353776876
[901, 0, 0, 0, 0] , 9.999996055573991
[901, 0, 0, 0, 0] , 9.999996131530558
[901, 0, 0, 0, 0] , 9.999995319547768
[901, 0, 0, 0, 0] , 9.999996353776876
[901, 0, 0, 0, 0] , 9.999995923746628
[901, 0, 0, 0, 0] , 9.999995856559185
[901, 0, 0, 0, 0] , 9.999997392303223
[901, 0, 0, 0, 0] , 9.999996052610937
[901, 0, 0, 0, 0] , 9.999996411469827
[901, 0, 0, 0, 0] , 9.999996118521796
[901, 0, 0, 0, 0] , 9.999996334016503
[901, 0, 0, 0, 0] , 9.999996503437828
[901, 0, 0, 0, 0] , 9.99999607480088
[901, 0, 0, 0, 0] , 9.99999627613701
[901, 0, 0, 0, 0] , 9.999997367792158
[901, 0, 0, 0, 0] , 9.999996415045992
[901, 0, 0, 0, 0] , 9.999996526397467
[901, 0, 0, 0, 0] , 9.99999687755897
[901, 0, 0, 0, 0] , 9.999997771336627
[901, 0, 0, 0, 0] , 9.999996915967838
[901, 0, 0, 0, 0] , 9.999996347906134
[901, 0, 0, 0, 0] , 9.999998134945674
[901, 0, 0, 0, 0] , 9.999996098390517
[901, 0, 0, 0, 0] , 9.999997253649555
[901, 0, 0, 0, 0] , 9.999996172850032
[901, 0, 0, 0, 0] , 9.99999685106417
[901, 0, 0, 0, 0] , 9.99999772889734
[901, 0, 0, 0, 0] , 9.999996835992981
[901, 0, 0, 0, 0] , 9.999997515077434
[901, 0, 0, 0, 0] , 9.999996689634242
[901, 0, 0, 0, 0] , 9.999997550475957
[901, 0, 0, 0, 0] , 9.999996635434261
[901, 0, 0, 0, 0] , 9.999996653861793
[901, 0, 0, 0, 0] , 9.999996753036948
[901, 0, 0, 0, 0] , 9.999996472410572
[901, 0, 0, 0, 0] , 9.99999806714223
[901, 0, 0, 0, 0] , 9.999997488334136
[901, 0, 0, 0, 0] , 9.999997474636245
[901, 0, 0, 0, 0] , 9.999997524336164
[901, 0, 0, 0, 0] , 9.99999686236735
[901, 0, 0, 0, 0] , 9.999997197844317
[901, 0, 0, 0, 0] , 9.999997783734408
[901, 0, 0, 0, 0] , 9.999997731316263
[901, 0, 0, 0, 0] , 9.999997490060318
[901, 0, 0, 0, 0] , 9.999997353707862
[901, 0, 0, 0, 0] , 9.999997960645223
[901, 0, 0, 0, 0] , 9.99999777642455
[901, 0, 0, 0, 0] , 9.99999768579443
[901, 0, 0, 0, 0] , 9.999997355867942
[901, 0, 0, 0, 0] , 9.999997204322625
[901, 0, 0, 0, 0] , 9.99999837662429
[901, 0, 0, 0, 0] , 9.999997610605764
[901, 0, 0, 0, 0] , 9.99999814174651
[901, 0, 0, 0, 0] , 9.999997808255774
[901, 0, 0, 0, 0] , 9.999997712194453
[901, 0, 0, 0, 0] , 9.999997352745334
[901, 0, 0, 0, 0] , 9.999998001271518
[901, 0, 0, 0, 0] , 9.999997436141362
[901, 0, 0, 0, 0] , 9.999998280363199
[901, 0, 0, 0, 0] , 9.9999980956903
[901, 0, 0, 0, 0] , 9.99999748020462
[901, 0, 0, 0, 0] , 9.99999803588148
[901, 0, 0, 0, 0] , 9.999997711271838
[901, 0, 0, 0, 0] , 9.999997998273356
[901, 0, 0, 0, 0] , 9.9999983147215
[901, 0, 0, 0, 0] , 9.999997655578465
[901, 0, 0, 0, 0] , 9.99999755410501
[901, 0, 0, 0, 0] , 9.999997598417306
[901, 0, 0, 0, 0] , 9.999998386681936
[901, 0, 0, 0, 0] , 9.999998178605292
[901, 0, 0, 0, 0] , 9.999997943093556
[901, 0, 0, 0, 0] , 9.999998320007704
[901, 0, 0, 0, 0] , 9.999998536247244
[901, 0, 0, 0, 0] , 9.99999857642459
[901, 0, 0, 0, 0] , 9.999998278988363
[901, 0, 0, 0, 0] , 9.99999788242442
[901, 0, 0, 0, 0] , 9.999998055275208
[901, 0, 0, 0, 0] , 9.999998106211802
[901, 0, 0, 0, 0] , 9.999998908027386
[901, 0, 0, 0, 0] , 9.999998327916906
[901, 0, 0, 0, 0] , 9.999998608434238
[901, 0, 0, 0, 0] , 9.999998872387742
[901, 0, 0, 0, 0] , 9.999998510507227
[901, 0, 0, 0, 0] , 9.99999852625239
[901, 0, 0, 0, 0] , 9.999998189477747
[901, 0, 0, 0, 0] , 9.999998636113821
[901, 0, 0, 0, 0] , 9.999998643171024
[901, 0, 0, 0, 0] , 9.99999871981857
[901, 0, 0, 0, 0] , 9.999998787041093
[901, 0, 0, 0, 0] , 9.99999886701869
[901, 0, 0, 0, 0] , 9.999998765541857
[901, 0, 0, 0, 0] , 9.99999876146172
[901, 0, 0, 0, 0] , 9.999999183126162
[901, 0, 0, 0, 0] , 9.999998910176126
[901, 0, 0, 0, 0] , 9.99999903324302
[901, 0, 0, 0, 0] , 9.999999286682113
[901, 0, 0, 0, 0] , 9.999999109225014
[901, 0, 0, 0, 0] , 9.999999028048922
[901, 0, 0, 0, 0] , 9.999998969903093
[901, 0, 0, 0, 0] , 9.999998895480845
[901, 0, 0, 0, 0] , 9.999998977783523
[901, 0, 0, 0, 0] , 9.999999034686937
[901, 0, 0, 0, 0] , 9.999998889331152
[901, 0, 0, 0, 0] , 9.999998683177031
[901, 0, 0, 0, 0] , 9.999998983890382
[901, 0, 0, 0, 0] , 9.999999093724382
[901, 0, 0, 0, 0] , 9.999999169630957
[901, 0, 0, 0, 0] , 9.999999169630957
[901, 0, 0, 0, 0] , 9.999999397286357
[901, 0, 0, 0, 0] , 9.999999232859514
[901, 0, 0, 0, 0] , 9.999999315551229
[901, 0, 0, 0, 0] , 9.999998789060289
[901, 0, 0, 0, 0] , 9.999999069600067
[901, 0, 0, 0, 0] , 9.99999893389779
[901, 0, 0, 0, 0] , 9.999999162298023
[901, 0, 0, 0, 0] , 9.999998974585347
[901, 0, 0, 0, 0] , 9.99999900648293
[901, 0, 0, 0, 0] , 9.999999341784669
[901, 0, 0, 0, 0] , 9.999999157833114
[901, 0, 0, 0, 0] , 9.999999412169027
[901, 0, 0, 0, 0] , 9.999999391371787
[901, 0, 0, 0, 0] , 9.999999507519398
[901, 0, 0, 0, 0] , 9.999999698401194
[901, 0, 0, 0, 0] , 9.999999297341185
[901, 0, 0, 0, 0] , 9.99999909950376
[901, 0, 0, 0, 0] , 9.999999444702256
[901, 0, 0, 0, 0] , 9.999999339844706
[901, 0, 0, 0, 0] , 9.999999255857041
[901, 0, 0, 0, 0] , 9.999999787434547
[901, 0, 0, 0, 0] , 9.999999372671343
[901, 0, 0, 0, 0] , 9.999999379125637
[901, 0, 0, 0, 0] , 9.999999554706314
[901, 0, 0, 0, 0] , 9.99999956229096
[901, 0, 0, 0, 0] , 9.999999575943045
[901, 0, 0, 0, 0] , 9.999999534842685
[901, 0, 0, 0, 0] , 9.999999537388975
[901, 0, 0, 0, 0] , 9.999999453784696
[901, 0, 0, 0, 0] , 9.9999996098935
[901, 0, 0, 0, 0] , 9.999999647757503
[901, 0, 0, 0, 0] , 9.999999639607482
[901, 0, 0, 0, 0] , 9.99999965207935
[901, 0, 0, 0, 0] , 9.999999528310248
[901, 0, 0, 0, 0] , 9.9999997126706
[901, 0, 0, 0, 0] , 9.999999597544297
[901, 0, 0, 0, 0] , 9.999999722055065
[901, 0, 0, 0, 0] , 9.999999714728025
[901, 0, 0, 0, 0] , 9.999999671193537
[901, 0, 0, 0, 0] , 9.999999577314314
[901, 0, 0, 0, 0] , 9.999999714249014
[901, 0, 0, 0, 0] , 9.999999694453326
[901, 0, 0, 0, 0] , 9.999999750613739
[901, 0, 0, 0, 0] , 9.99999958515112
[901, 0, 0, 0, 0] , 9.999999810549488
[901, 0, 0, 0, 0] , 9.999999735794455
[901, 0, 0, 0, 0] , 9.999999837557281
[901, 0, 0, 0, 0] , 9.999999802332466
[901, 0, 0, 0, 0] , 9.999999779970778
[901, 0, 0, 0, 0] , 9.999999737317951
[901, 0, 0, 0, 0] , 9.999999830677655
[901, 0, 0, 0, 0] , 9.999999807308178
[901, 0, 0, 0, 0] , 9.999999724170678
[901, 0, 0, 0, 0] , 9.999999860007362
[901, 0, 0, 0, 0] , 9.999999813819322
[901, 0, 0, 0, 0] , 9.999999798118228
[901, 0, 0, 0, 0] , 9.999999712557248
[901, 0, 0, 0, 0] , 9.999999946104305
[901, 0, 0, 0, 0] , 9.999999947714906
[901, 0, 0, 0, 0] , 9.999999805200492
[901, 0, 0, 0, 0] , 9.999999889245355
[901, 0, 0, 0, 0] , 9.999999919997881
[901, 0, 0, 0, 0] , 9.999999792517123
[901, 0, 0, 0, 0] , 9.999999897013772
[901, 0, 0, 0, 0] , 9.99999990672027
[901, 0, 0, 0, 0] , 9.999999883640239
[901, 0, 0, 0, 0] , 9.999999972992702
[901, 0, 0, 0, 0] , 9.999999917911884
[901, 0, 0, 0, 0] , 9.999999935845803
[901, 0, 0, 0, 0] , 9.999999940945761
[901, 0, 0, 0, 0] , 9.999999860576946
[901, 0, 0, 0, 0] , 9.999999863453587
[901, 0, 0, 0, 0] , 9.999999931260707
[901, 0, 0, 0, 0] , 9.999999963967012
[901, 0, 0, 0, 0] , 9.99999991322953
[901, 0, 0, 0, 0] , 9.99999988817304
[901, 0, 0, 0, 0] , 9.999999957288937
[901, 0, 0, 0, 0] , 9.999999888122678
[901, 0, 0, 0, 0] , 10.0
[901, 0, 0, 0, 0] , 9.999999986347419
[901, 0, 0, 0, 0] , 9.999999943088708
[901, 0, 0, 0, 0] , 9.999999971518479
[901, 0, 0, 0, 0] , 9.999999928425563
[901, 0, 0, 0, 0] , 9.999999981249093
[901, 0, 0, 0, 0] , 9.999999899972766
[901, 0, 0, 0, 0] , 9.999999970946917
[901, 0, 0, 0, 0] , 9.999999943551625
[901, 0, 0, 0, 0] , 9.999999967206886
[901, 0, 0, 0, 0] , 9.999999976970578
[901, 0, 0, 0, 0] , 9.999999981163423
[901, 0, 0, 0, 0] , 9.99999996798277
[901, 0, 0, 0, 0] , 9.999999975783178
[901, 0, 0, 0, 0] , 10.0
[901, 0, 0, 0, 0] , 10.0
[901, 0, 0, 0, 0] , 9.999999964816732
[901, 0, 0, 0, 0] , 9.999999972218896
[901, 0, 0, 0, 0] , 10.0
[901, 0, 0, 0, 0] , 10.0
[901, 0, 0, 0, 0] , 9.999999969262527
[901, 0, 0, 0, 0] , 9.999999953669736
[901, 0, 0, 0, 0] , 10.0
[901, 0, 0, 0, 0] , 10.0
[901, 0, 0, 0, 0] , 10.0
[901, 0, 0, 0, 0] , 10.0
[901, 0, 0, 0, 0] , 10.0
[901, 0, 0, 0, 0] , 10.0
[901, 0, 0, 0, 0] , 10.0
[901, 0, 0, 0, 0] , 10.0
[901, 0, 0, 0, 0] , 10.0
[901, 0, 0, 0, 0] , 10.0
[901, 0, 0, 0, 0] , 10.0
[901, 0, 0, 0, 0] , 10.0
[901, 0, 0, 0, 0] , 10.0
[901, 0, 0, 0, 0] , 10.0
[901, 0, 0, 0, 0] , 10.0
[901, 0, 0, 0, 0] , 10.0
[901, 0, 0, 0, 0] , 10.0
[901, 0, 0, 0, 0] , 10.0
[901, 0, 0, 0, 0] , 10.0
[901, 0, 0, 0, 0] , 10.0
[901, 0, 0, 0, 0] , 10.0
[901, 0, 0, 0, 0] , 10.0
[901, 0, 0, 0, 0] , 10.0
[901, 0, 0, 0, 0] , 10.0
[901, 0, 0, 0, 0] , 10.0
[901, 0, 0, 0, 0] , 10.0
[901, 0, 0, 0, 0] , 10.0
[901, 0, 0, 0, 0] , 10.0
[901, 0, 0, 0, 0] , 10.0
[901, 0, 0, 0, 0] , 10.0
[901, 0, 0, 0, 0] , 10.0
[901, 0, 0, 0, 0] , 10.0
[901, 0, 0, 0, 0] , 10.0
[901, 0, 0, 0, 0] , 10.0
[901, 0, 0, 0, 0] , 10.0
[901, 0, 0, 0, 0] , 10.0
[901, 0, 0, 0, 0] , 10.0
[901, 0, 0, 0, 0] , 10.0
[901, 0, 0, 0, 0] , 10.0
[901, 0, 0, 0, 0] , 10.0
[901, 0, 0, 0, 0] , 10.0
[901, 0, 0, 0, 0] , 10.0
[901, 0, 0, 0, 0] , 10.0
[901, 0, 0, 0, 0] , 10.0
[901, 0, 0, 0, 0] , 10.0
[901, 0, 0, 0, 0] , 10.0
[901, 0, 0, 0, 0] , 10.0
[901, 0, 0, 0, 0] , 10.0
[901, 0, 0, 0, 0] , 10.0
[901, 0, 0, 0, 0] , 10.0
[901, 0, 0, 0, 0] , 10.0
[901, 0, 0, 0, 0] , 10.0
[901, 0, 0, 0, 0] , 10.0
[901, 0, 0, 0, 0] , 10.0
[901, 0, 0, 0, 0] , 10.0
[901, 0, 0, 0, 0] , 10.0
[901, 0, 0, 0, 0] , 10.0
[901, 0, 0, 0, 0] , 10.0
[901, 0, 0, 0, 0] , 10.0
[901, 0, 0, 0, 0] , 10.0
[901, 0, 0, 0, 0] , 10.0
[901, 0, 0, 0, 0] , 10.0
[901, 0, 0, 0, 0] , 10.0
[901, 0, 0, 0, 0] , 10.0
[901, 0, 0, 0, 0] , 10.0
[901, 0, 0, 0, 0] , 10.0
[901, 0, 0, 0, 0] , 10.0
[901, 0, 0, 0, 0] , 10.0
[901, 0, 0, 0, 0] , 10.0
[901, 0, 0, 0, 0] , 10.0
[901, 0, 0, 0, 0] , 10.0
[901, 0, 0, 0, 0] , 10.0
[901, 0, 0, 0, 0] , 10.0
[901, 0, 0, 0, 0] , 10.0
[901, 0, 0, 0, 0] , 10.0
[901, 0, 0, 0, 0] , 10.0
[901, 0, 0, 0, 0] , 10.0
[901, 0, 0, 0, 0] , 10.0
[901, 0, 0, 0, 0] , 10.0
[901, 0, 0, 0, 0] , 10.0
[901, 0, 0, 0, 0] , 10.0
[901, 0, 0, 0, 0] , 10.0
[901, 0, 0, 0, 0] , 10.0
[901, 0, 0, 0, 0] , 10.0
[901, 0, 0, 0, 0] , 10.0
[901, 0, 0, 0, 0] , 10.0
[901, 0, 0, 0, 0] , 10.0
[901, 0, 0, 0, 0] , 10.0
[901, 0, 0, 0, 0] , 10.0
[901, 0, 0, 0, 0] , 10.0
[901, 0, 0, 0, 0] , 10.0
[901, 0, 0, 0, 0] , 10.0
[901, 0, 0, 0, 0] , 10.0
[901, 0, 0, 0, 0] , 10.0
[901, 0, 0, 0, 0] , 10.0
[901, 0, 0, 0, 0] , 10.0
[901, 0, 0, 0, 0] , 10.0
[901, 0, 0, 0, 0] , 10.0
[901, 0, 0, 0, 0] , 10.0
[901, 0, 0, 0, 0] , 10.0
[901, 0, 0, 0, 0] , 10.0
[901, 0, 0, 0, 0] , 10.0
[901, 0, 0, 0, 0] , 10.0
[901, 0, 0, 0, 0] , 10.0
[901, 0, 0, 0, 0] , 10.0
[901, 0, 0, 0, 0] , 10.0
[901, 0, 0, 0, 0] , 10.0
[901, 0, 0, 0, 0] , 10.0
[901, 0, 0, 0, 0] , 10.0
[901, 0, 0, 0, 0] , 10.0
[901, 0, 0, 0, 0] , 10.0
[901, 0, 0, 0, 0] , 10.0
[901, 0, 0, 0, 0] , 10.0
[901, 0, 0, 0, 0] , 10.0
[901, 0, 0, 0, 0] , 10.0
[901, 0, 0, 0, 0] , 10.0
[901, 0, 0, 0, 0] , 10.0
[901, 0, 0, 0, 0] , 10.0
[901, 0, 0, 0, 0] , 10.0
[901, 0, 0, 0, 0] , 10.0
[901, 0, 0, 0, 0] , 10.0
[901, 0, 0, 0, 0] , 10.0
[901, 0, 0, 0, 0] , 10.0
[901, 0, 0, 0, 0] , 10.0
[901, 0, 0, 0, 0] , 10.0
[901, 0, 0, 0, 0] , 10.0
[901, 0, 0, 0, 0] , 10.0
[901, 0, 0, 0, 0] , 10.0
[901, 0, 0, 0, 0] , 10.0
[901, 0, 0, 0, 0] , 10.0
[901, 0, 0, 0, 0] , 10.0
[901, 0, 0, 0, 0] , 10.0
[901, 0, 0, 0, 0] , 10.0
[901, 0, 0, 0, 0] , 10.0
[901, 0, 0, 0, 0] , 10.0
[901, 0, 0, 0, 0] , 10.0
[901, 0, 0, 0, 0] , 10.0
[901, 0, 0, 0, 0] , 10.0
[901, 0, 0, 0, 0] , 10.0
[901, 0, 0, 0, 0] , 10.0
[901, 0, 0, 0, 0] , 10.0
[901, 0, 0, 0, 0] , 10.0
[901, 0, 0, 0, 0] , 10.0
[901, 0, 0, 0, 0] , 10.0
[901, 0, 0, 0, 0] , 10.0
[901, 0, 0, 0, 0] , 10.0
[901, 0, 0, 0, 0] , 9.999999996762899
[901, 0, 0, 0, 0] , 10.0
[901, 0, 0, 0, 0] , 10.0
[901, 0, 0, 0, 0] , 10.0
[901, 0, 0, 0, 0] , 10.0
[901, 0, 0, 0, 0] , 10.0
[901, 0, 0, 0, 0] , 10.0
[901, 0, 0, 0, 0] , 10.0
[901, 0, 0, 0, 0] , 10.0
[901, 0, 0, 0, 0] , 10.0
[901, 0, 0, 0, 0] , 10.0
[901, 0, 0, 0, 0] , 10.0
[901, 0, 0, 0, 0] , 10.0
[901, 0, 0, 0, 0] , 10.0
[901, 0, 0, 0, 0] , 10.0
[901, 0, 0, 0, 0] , 10.0
[901, 0, 0, 0, 0] , 10.0
[901, 0, 0, 0, 0] , 10.0
[901, 0, 0, 0, 0] , 10.0
[901, 0, 0, 0, 0] , 10.0
[901, 0, 0, 0, 0] , 10.0
[901, 0, 0, 0, 0] , 10.0
[901, 0, 0, 0, 0] , 10.0
[901, 0, 0, 0, 0] , 10.0
[901, 0, 0, 0, 0] , 10.0
[901, 0, 0, 0, 0] , 10.0
[901, 0, 0, 0, 0] , 10.0
[901, 0, 0, 0, 0] , 10.0
[901, 0, 0, 0, 0] , 10.0
[901, 0, 0, 0, 0] , 10.0
[901, 0, 0, 0, 0] , 10.0
[901, 0, 0, 0, 0] , 10.0
[901, 0, 0, 0, 0] , 10.0
[901, 0, 0, 0, 0] , 10.0
[901, 0, 0, 0, 0] , 9.99999999677726
[901, 0, 0, 0, 0] , 10.0
[901, 0, 0, 0, 0] , 10.0
[901, 0, 0, 0, 0] , 10.0
[901, 0, 0, 0, 0] , 10.0
[901, 0, 0, 0, 0] , 10.0
[901, 0, 0, 0, 0] , 10.0
[901, 0, 0, 0, 0] , 10.0
[901, 0, 0, 0, 0] , 9.999999993324945
[901, 0, 0, 0, 0] , 10.0
[901, 0, 0, 0, 0] , 10.0
[901, 0, 0, 0, 0] , 10.0
[901, 0, 0, 0, 0] , 10.0
[901, 0, 0, 0, 0] , 9.999999988803781
[901, 0, 0, 0, 0] , 10.0
[901, 0, 0, 0, 0] , 10.0
[901, 0, 0, 0, 0] , 10.0
[901, 0, 0, 0, 0] , 10.0
[901, 0, 0, 0, 0] , 10.0
[901, 0, 0, 0, 0] , 10.0
[901, 0, 0, 0, 0] , 10.0
[901, 0, 0, 0, 0] , 10.0
[901, 0, 0, 0, 0] , 10.0
[901, 0, 0, 0, 0] , 9.999999977530011
[901, 0, 0, 0, 0] , 10.0
[901, 0, 0, 0, 0] , 10.0
[901, 0, 0, 0, 0] , 10.0
[901, 0, 0, 0, 0] , 10.0
[901, 0, 0, 0, 0] , 10.0
[901, 0, 0, 0, 0] , 10.0
[901, 0, 0, 0, 0] , 10.0
[901, 0, 0, 0, 0] , 10.0
[901, 0, 0, 0, 0] , 10.0
[901, 0, 0, 0, 0] , 10.0
[901, 0, 0, 0, 0] , 10.0
[901, 0, 0, 0, 0] , 10.0
[901, 0, 0, 0, 0] , 10.0
[901, 0, 0, 0, 0] , 9.99999997842737
[901, 0, 0, 0, 0] , 10.0
[901, 0, 0, 0, 0] , 10.0
[901, 0, 0, 0, 0] , 10.0
[901, 0, 0, 0, 0] , 10.0
[901, 0, 0, 0, 0] , 10.0
[901, 0, 0, 0, 0] , 10.0
[901, 0, 0, 0, 0] , 10.0
[901, 0, 0, 0, 0] , 10.0
[901, 0, 0, 0, 0] , 10.0
[901, 0, 0, 0, 0] , 10.0
[901, 0, 0, 0, 0] , 10.0
[901, 0, 0, 0, 0] , 10.0
[901, 0, 0, 0, 0] , 10.0
[901, 0, 0, 0, 0] , 10.0
[901, 0, 0, 0, 0] , 10.0
[901, 0, 0, 0, 0] , 10.0
[901, 0, 0, 0, 0] , 10.0
[901, 0, 0, 0, 0] , 10.0
[901, 0, 0, 0, 0] , 10.0
[901, 0, 0, 0, 0] , 10.0
[901, 0, 0, 0, 0] , 10.0
[901, 0, 0, 0, 0] , 9.999999997331939
[901, 0, 0, 0, 0] , 10.0
[901, 0, 0, 0, 0] , 10.0
[901, 0, 0, 0, 0] , 10.0
[901, 0, 0, 0, 0] , 10.0
[901, 0, 0, 0, 0] , 10.0
[901, 0, 0, 0, 0] , 10.0
[901, 0, 0, 0, 0] , 10.0
[901, 0, 0, 0, 0] , 10.0
[901, 0, 0, 0, 0] , 10.0
[901, 0, 0, 0, 0] , 10.0
[901, 0, 0, 0, 0] , 10.0
[901, 0, 0, 0, 0] , 10.0
[901, 0, 0, 0, 0] , 10.0
[901, 0, 0, 0, 0] , 10.0
[901, 0, 0, 0, 0] , 10.0
[901, 0, 0, 0, 0] , 10.0
[901, 0, 0, 0, 0] , 10.0
[901, 0, 0, 0, 0] , 10.0
[901, 0, 0, 0, 0] , 10.0
[901, 0, 0, 0, 0] , 10.0
[901, 0, 0, 0, 0] , 10.0
[901, 0, 0, 0, 0] , 10.0
[901, 0, 0, 0, 0] , 10.0
[901, 0, 0, 0, 0] , 10.0
[901, 0, 0, 0, 0] , 10.0
[901, 0, 0, 0, 0] , 10.0
[901, 0, 0, 0, 0] , 10.0
[901, 0, 0, 0, 0] , 10.0
[901, 0, 0, 0, 0] , 10.0
[901, 0, 0, 0, 0] , 10.0
[901, 0, 0, 0, 0] , 10.0
[901, 0, 0, 0, 0] , 10.0
[901, 0, 0, 0, 0] , 10.0
[901, 0, 0, 0, 0] , 10.0
[901, 0, 0, 0, 0] , 10.0
[901, 0, 0, 0, 0] , 10.0
[901, 0, 0, 0, 0] , 10.0
[901, 0, 0, 0, 0] , 10.0
[901, 0, 0, 0, 0] , 10.0
[901, 0, 0, 0, 0] , 10.0
[901, 0, 0, 0, 0] , 10.0
[901, 0, 0, 0, 0] , 10.0
[901, 0, 0, 0, 0] , 10.0
[901, 0, 0, 0, 0] , 10.0
[901, 0, 0, 0, 0] , 10.0
[901, 0, 0, 0, 0] , 10.0
[901, 0, 0, 0, 0] , 10.0
[901, 0, 0, 0, 0] , 10.0
[901, 0, 0, 0, 0] , 10.0
[901, 0, 0, 0, 0] , 10.0
[901, 0, 0, 0, 0] , 10.0
[901, 0, 0, 0, 0] , 10.0
[901, 0, 0, 0, 0] , 10.0
[901, 0, 0, 0, 0] , 10.0
[901, 0, 0, 0, 0] , 10.0
[901, 0, 0, 0, 0] , 10.0
[901, 0, 0, 0, 0] , 10.0
[901, 0, 0, 0, 0] , 10.0
[901, 0, 0, 0, 0] , 10.0
[901, 0, 0, 0, 0] , 10.0
[901, 0, 0, 0, 0] , 10.0
[901, 0, 0, 0, 0] , 10.0
[901, 0, 0, 0, 0] , 10.0
[901, 0, 0, 0, 0] , 10.0
[901, 0, 0, 0, 0] , 10.0
[901, 0, 0, 0, 0] , 10.0
[901, 0, 0, 0, 0] , 10.0
[901, 0, 0, 0, 0] , 10.0
[901, 0, 0, 0, 0] , 10.0
[901, 0, 0, 0, 0] , 10.0
[901, 0, 0, 0, 0] , 10.0
[901, 0, 0, 0, 0] , 10.0
[901, 0, 0, 0, 0] , 10.0
[901, 0, 0, 0, 0] , 10.0
[901, 0, 0, 0, 0] , 10.0
[901, 0, 0, 0, 0] , 10.0
[901, 0, 0, 0, 0] , 10.0
[901, 0, 0, 0, 0] , 10.0
[901, 0, 0, 0, 0] , 10.0
[901, 0, 0, 0, 0] , 10.0
[901, 0, 0, 0, 0] , 10.0
[901, 0, 0, 0, 0] , 10.0
Score: 10.0
Runtime: 1639ms
